square_id,cluster,mean_level
47,mixed/suburban-2,573.134
48,mixed/suburban-2,841.9873
49,mixed/suburban-2,291.78607
146,mixed/suburban-2,371.93976
147,mixed/suburban-2,1073.4451
148,mixed/suburban-2,411.06335
246,mixed/suburban-2,467.01102
247,mixed/suburban-2,673.7448
249,mixed/suburban-2,200.02133
250,mixed/suburban-2,202.1744
346,mixed/suburban-2,353.96756
347,mixed/suburban-2,600.6003
348,mixed/suburban-2,193.9961
349,mixed/suburban-2,201.55977
350,mixed/suburban-2,199.45406
447,mixed/suburban-2,205.47806
448,mixed/suburban-2,294.0622
449,mixed/suburban-2,195.53207
547,mixed/suburban-2,194.28427
548,mixed/suburban-2,196.21773
647,mixed/suburban-2,203.41055
648,mixed/suburban-2,194.03928
650,mixed/suburban,272.27008
651,mixed/suburban,187.3529
747,mixed/suburban,199.27713
748,mixed/suburban,199.62941
749,mixed/suburban,215.59775
750,business,426.25906
751,business,470.57208
752,business,401.0646
753,mixed/suburban,263.86157
754,business,275.12994
755,business,326.01273
756,business,200.16077
758,business,191.11246
765,mixed/suburban,239.23589
766,mixed/suburban-2,399.3798
767,mixed/suburban-2,353.50293
770,mixed/suburban-2,218.07037
846,mixed/suburban,195.0331
847,mixed/suburban,256.33792
848,mixed/suburban,236.33444
849,business,345.71652
850,business,489.87836
851,business,655.3067
852,business,569.32996
853,business,458.85678
854,business,352.15802
855,business,337.10175
856,business,317.85928
857,business,239.3908
858,business,199.11346
864,mixed/suburban-2,200.26625
865,mixed/suburban-2,418.29218
866,mixed/suburban-2,419.39105
867,mixed/suburban-2,341.3624
868,mixed/suburban-2,275.41046
869,mixed/suburban-2,238.37125
870,mixed/suburban-2,238.37125
946,mixed/suburban,202.4891
947,mixed/suburban,213.05824
948,mixed/suburban,229.17255
949,mixed/suburban,255.25916
950,business,417.4973
951,business,737.36945
952,business,666.9746
953,business,508.24042
954,business,440.3689
955,mixed/suburban,425.1923
956,mixed/suburban-2,392.04807
957,mixed/suburban,265.23645
958,mixed/suburban,217.9761
964,mixed/suburban-2,291.89478
965,mixed/suburban-2,314.40155
966,mixed/suburban-2,291.47607
967,mixed/suburban-2,282.22678
968,mixed/suburban-2,270.81332
969,mixed/suburban-2,238.16876
970,mixed/suburban-2,239.91835
1046,mixed/suburban,210.24971
1047,mixed/suburban,280.4838
1048,mixed/suburban,235.21315
1049,mixed/suburban,235.25046
1050,business,317.0675
1051,business,770.80963
1052,business,727.0832
1053,business,591.89124
1054,business,379.8818
1055,mixed/suburban-2,401.45813
1056,mixed/suburban-2,350.11258
1057,mixed/suburban-2,272.30463
1058,mixed/suburban-2,276.6625
1063,mixed/suburban-2,199.91098
1064,mixed/suburban-2,288.82565
1065,mixed/suburban-2,270.73636
1066,mixed/suburban-2,270.66068
1067,mixed/suburban-2,223.43492
1068,mixed/suburban,195.16402
1069,mixed/suburban-2,212.86122
1070,mixed/suburban-2,300.49762
1071,mixed/suburban-2,291.0575
1075,mixed/suburban,207.50314
1146,mixed/suburban,337.3947
1147,mixed/suburban,632.52655
1148,mixed/suburban,236.54944
1149,mixed/suburban,235.25046
1150,mixed/suburban-2,561.8803
1151,business,924.01166
1152,business,698.2485
1153,business,337.91846
1154,business,228.2389
1155,mixed/suburban,222.72685
1156,mixed/suburban-2,224.07898
1157,mixed/suburban-2,260.69662
1158,mixed/suburban-2,273.05133
1159,mixed/suburban-2,234.75502
1164,mixed/suburban-2,284.4752
1165,mixed/suburban-2,280.4066
1166,mixed/suburban,198.04083
1167,mixed/suburban,195.24385
1168,mixed/suburban,195.24385
1169,mixed/suburban,200.12997
1170,mixed/suburban-2,302.64346
1171,mixed/suburban-2,262.4473
1246,mixed/suburban,497.32358
1247,mixed/suburban,677.63324
1248,mixed/suburban-2,302.14664
1249,mixed/suburban,257.1002
1250,mixed/suburban-2,943.97595
1251,mixed/suburban-2,1208.4202
1252,business,278.39188
1253,business,275.85785
1254,business,355.69464
1255,mixed/suburban,223.68071
1256,mixed/suburban-2,218.04587
1257,mixed/suburban-2,230.12215
1258,mixed/suburban-2,253.76027
1259,mixed/suburban-2,312.96442
1260,mixed/suburban-2,404.083
1265,mixed/suburban,199.21954
1266,mixed/suburban,194.0898
1267,mixed/suburban,195.24385
1268,mixed/suburban,195.24385
1269,mixed/suburban,195.24385
1270,mixed/suburban,221.90742
1346,mixed/suburban,560.8716
1347,mixed/suburban-2,521.33154
1348,mixed/suburban-2,311.1774
1349,mixed/suburban-2,326.49756
1350,mixed/suburban-2,331.7298
1351,mixed/suburban-2,356.5404
1352,business,208.58627
1353,business,231.3679
1354,business,269.66562
1365,mixed/suburban,196.40839
1366,mixed/suburban,188.6727
1367,mixed/suburban,195.24385
1368,mixed/suburban,195.24385
1369,mixed/suburban,195.24385
1370,mixed/suburban,190.44664
1400,mixed/suburban,198.49147
1440,mixed/suburban-2,217.0874
1444,mixed/suburban-2,203.24184
1445,mixed/suburban-2,232.134
1446,mixed/suburban-2,233.85693
1447,mixed/suburban-2,275.17392
1448,mixed/suburban-2,226.31378
1449,mixed/suburban-2,247.82556
1450,mixed/suburban-2,250.29356
1451,mixed/suburban-2,254.99167
1452,mixed/suburban,357.47046
1453,business,303.61374
1454,business,282.4114
1455,business,205.64381
1465,mixed/suburban,191.90419
1466,mixed/suburban,195.20802
1467,mixed/suburban,195.20847
1468,mixed/suburban,195.20847
1469,mixed/suburban,195.20847
1470,mixed/suburban,195.20847
1495,mixed/suburban-2,218.57896
1496,mixed/suburban-2,220.02467
1497,mixed/suburban-2,220.02467
1498,mixed/suburban-2,215.31508
1499,mixed/suburban,200.93536
1500,mixed/suburban,200.64693
1545,mixed/suburban-2,230.77667
1546,mixed/suburban-2,233.8175
1547,mixed/suburban,261.73428
1548,mixed/suburban-2,241.79347
1549,mixed/suburban-2,227.30908
1550,mixed/suburban-2,223.48706
1551,mixed/suburban-2,275.6298
1552,mixed/suburban,419.46628
1553,mixed/suburban,368.55267
1554,business,318.02124
1555,business,392.6722
1556,business,222.91173
1583,business-2,224.61472
1584,business-2,370.76544
1585,business,243.74269
1589,mixed/suburban,220.9496
1590,mixed/suburban-2,211.42834
1591,mixed/suburban-2,224.27762
1592,mixed/suburban-2,224.06764
1593,mixed/suburban-2,224.15129
1594,mixed/suburban-2,213.49553
1595,mixed/suburban-2,213.26625
1596,mixed/suburban-2,220.02467
1597,mixed/suburban-2,219.77277
1641,mixed/suburban-2,332.07724
1646,business,281.96063
1647,business,327.3907
1648,mixed/suburban,291.86047
1649,mixed/suburban-2,230.83371
1651,mixed/suburban-2,219.94536
1652,mixed/suburban,426.61475
1653,mixed/suburban-2,414.2374
1654,business,475.4013
1655,business,506.96655
1656,business,480.70413
1657,business,241.52763
1683,business-2,231.71527
1684,business-2,390.167
1685,business,257.13904
1687,business,186.82932
1688,mixed/suburban,230.88681
1689,mixed/suburban,240.32512
1690,mixed/suburban-2,238.69292
1691,mixed/suburban-2,224.17923
1692,mixed/suburban-2,224.38762
1693,mixed/suburban-2,224.17805
1694,mixed/suburban-2,271.60605
1695,mixed/suburban-2,280.17245
1696,mixed/suburban-2,322.1276
1697,mixed/suburban-2,315.7113
1741,mixed/suburban,240.25874
1742,mixed/suburban,311.66385
1747,business,327.3907
1748,business,336.9333
1749,mixed/suburban-2,230.83371
1752,mixed/suburban-2,360.72723
1753,mixed/suburban-2,363.69205
1754,mixed/suburban,429.121
1755,business,506.8325
1756,business,506.1058
1757,business,450.0436
1758,business,187.54994
1783,business,255.97629
1784,business,278.72812
1785,business,257.48038
1786,business,192.45389
1787,mixed/suburban,226.66946
1788,mixed/suburban,241.5481
1789,mixed/suburban,240.32512
1790,mixed/suburban,240.32512
1791,mixed/suburban-2,239.3025
1792,mixed/suburban-2,225.34024
1793,mixed/suburban-2,223.77327
1794,mixed/suburban-2,312.45007
1795,mixed/suburban-2,330.5899
1796,mixed/suburban-2,332.7501
1797,mixed/suburban-2,342.44064
1841,mixed/suburban,196.17175
1842,mixed/suburban-2,341.29855
1843,mixed/suburban,239.5126
1847,business-2,505.11987
1848,business-2,598.5795
1849,business-2,478.97043
1850,mixed/suburban,215.99895
1851,mixed/suburban-2,199.28923
1852,mixed/suburban-2,306.46744
1853,mixed/suburban-2,319.60336
1854,mixed/suburban-2,332.74924
1855,business,481.25644
1856,business,500.94406
1857,business,431.7422
1883,business,290.02252
1884,business,303.30667
1885,business,286.86523
1888,mixed/suburban-2,236.58705
1889,mixed/suburban,240.32512
1890,mixed/suburban,240.32512
1891,mixed/suburban,240.35156
1892,mixed/suburban-2,199.46619
1893,mixed/suburban-2,203.91641
1894,mixed/suburban-2,285.41492
1895,mixed/suburban-2,245.73137
1896,mixed/suburban-2,258.49048
1897,mixed/suburban-2,307.7959
1942,mixed/suburban-2,341.29855
1943,mixed/suburban-2,341.29855
1944,mixed/suburban,249.09003
1946,business-2,473.83417
1947,business-2,561.8742
1948,business-2,599.9747
1949,business-2,543.13745
1950,mixed/suburban,276.0715
1951,mixed/suburban-2,238.25659
1952,mixed/suburban-2,291.12048
1953,mixed/suburban-2,306.89896
1954,mixed/suburban-2,284.84348
1955,mixed/suburban,292.0377
1956,mixed/suburban-2,330.09103
1957,mixed/suburban-2,286.33728
1983,business,193.02974
1984,business,260.63507
1988,mixed/suburban-2,231.70866
1989,mixed/suburban-2,332.60413
1990,mixed/suburban-2,253.11575
1991,mixed/suburban-2,230.19414
2042,mixed/suburban-2,285.22018
2043,mixed/suburban-2,339.11237
2044,mixed/suburban-2,341.29855
2045,mixed/suburban,557.30255
2046,business-2,611.06244
2047,business-2,563.09
2048,business-2,357.2742
2049,business-2,284.01508
2050,mixed/suburban,251.51497
2051,mixed/suburban-2,238.15552
2052,mixed/suburban-2,246.74838
2053,mixed/suburban-2,253.46
2054,mixed/suburban-2,253.27745
2055,business,210.68489
2056,mixed/suburban,223.71439
2057,mixed/suburban,377.1098
2081,business-2,189.8706
2083,business,189.08723
2084,business,192.88242
2088,mixed/suburban-2,339.98785
2089,mixed/suburban-2,424.39105
2090,mixed/suburban-2,411.0316
2091,mixed/suburban-2,243.64793
2141,mixed/suburban-2,226.64432
2142,mixed/suburban-2,239.50076
2143,mixed/suburban-2,255.79591
2144,mixed/suburban,528.8364
2145,mixed/suburban,991.0208
2146,business,645.7339
2147,business,559.9769
2148,business-2,317.7743
2149,business-2,284.04132
2150,mixed/suburban,240.5942
2151,mixed/suburban-2,227.87143
2152,mixed/suburban-2,248.98196
2153,mixed/suburban-2,253.78325
2154,mixed/suburban,222.8703
2155,business,205.51071
2156,business,205.47975
2184,mixed/suburban,264.6108
2185,mixed/suburban,264.7945
2187,mixed/suburban-2,191.49954
2188,mixed/suburban-2,310.10483
2189,mixed/suburban-2,419.60425
2190,mixed/suburban-2,424.39105
2191,mixed/suburban-2,353.9991
2237,mixed/suburban,410.2076
2238,mixed/suburban,396.49728
2239,mixed/suburban,433.15277
2240,mixed/suburban,289.8301
2241,mixed/suburban-2,226.52457
2242,mixed/suburban-2,239.50076
2243,mixed/suburban-2,239.50076
2244,mixed/suburban-2,425.85037
2245,mixed/suburban,1036.0358
2246,business,677.85266
2247,business-2,483.6079
2248,business-2,452.9106
2249,business-2,302.75226
2253,mixed/suburban,208.09799
2254,business,205.5572
2255,business,205.59468
2256,business,188.89163
2266,business-2,607.4206
2284,mixed/suburban,325.57413
2285,mixed/suburban,343.10678
2286,mixed/suburban,277.33383
2287,mixed/suburban-2,254.91457
2288,mixed/suburban-2,254.91457
2289,mixed/suburban-2,314.68356
2290,mixed/suburban-2,423.17136
2291,mixed/suburban-2,413.47638
2292,mixed/suburban-2,219.61874
2337,mixed/suburban,539.9465
2338,mixed/suburban,579.4197
2339,mixed/suburban,571.90497
2340,mixed/suburban,365.0194
2341,mixed/suburban-2,244.71132
2342,mixed/suburban-2,239.50076
2343,mixed/suburban-2,239.50076
2344,mixed/suburban-2,244.77711
2345,business,482.4753
2346,business-2,293.59106
2347,business-2,435.5943
2348,business-2,469.66397
2349,business-2,323.22943
2353,business,202.81355
2354,business,205.59468
2355,business,205.59468
2366,business-2,376.14706
2383,business,218.99146
2384,mixed/suburban,324.17307
2385,mixed/suburban,399.15616
2386,mixed/suburban-2,371.25278
2387,mixed/suburban-2,258.09015
2388,mixed/suburban-2,254.91457
2389,mixed/suburban-2,255.33392
2390,mixed/suburban-2,340.55655
2391,mixed/suburban-2,416.03647
2392,mixed/suburban-2,216.46396
2436,mixed/suburban,217.14978
2437,mixed/suburban,457.92493
2438,mixed/suburban,466.81552
2439,mixed/suburban,441.32922
2440,mixed/suburban,347.48886
2441,mixed/suburban-2,282.6494
2442,mixed/suburban-2,239.50076
2443,mixed/suburban-2,239.50049
2444,mixed/suburban,208.2177
2447,business-2,197.97377
2448,business-2,194.33212
2453,mixed/suburban,190.0905
2454,business,205.59468
2481,business,193.397
2482,business,206.62727
2483,business,241.37741
2484,mixed/suburban,333.66107
2485,mixed/suburban-2,456.68976
2486,mixed/suburban-2,453.84967
2487,mixed/suburban-2,322.6828
2488,mixed/suburban,271.3633
2489,mixed/suburban,282.65237
2490,mixed/suburban,286.9406
2491,mixed/suburban-2,334.08356
2492,mixed/suburban,300.3893
2530,mixed/suburban,250.06473
2531,mixed/suburban-2,323.719
2536,mixed/suburban,232.57736
2537,mixed/suburban,429.853
2538,mixed/suburban,437.7499
2539,mixed/suburban,429.61264
2540,mixed/suburban,336.03394
2541,mixed/suburban,328.44592
2542,mixed/suburban-2,253.94727
2543,mixed/suburban-2,229.98924
2553,mixed/suburban,293.9587
2554,mixed/suburban,473.35962
2555,mixed/suburban,452.38055
2565,business,193.23405
2566,business,208.67244
2581,business,204.11333
2582,business,252.74286
2583,business,267.71588
2584,mixed/suburban-2,422.47757
2585,mixed/suburban-2,456.38306
2586,mixed/suburban-2,459.2979
2587,mixed/suburban,416.86298
2588,mixed/suburban,302.92816
2589,mixed/suburban,302.97174
2590,mixed/suburban,302.97174
2591,mixed/suburban,294.53653
2630,mixed/suburban-2,350.7307
2631,mixed/suburban-2,455.1942
2632,mixed/suburban-2,454.5711
2633,mixed/suburban-2,337.53244
2634,mixed/suburban-2,224.34401
2636,mixed/suburban,211.3498
2637,mixed/suburban-2,361.43848
2638,mixed/suburban-2,386.53345
2639,mixed/suburban,378.8817
2640,mixed/suburban,337.93045
2641,mixed/suburban-2,274.7924
2642,mixed/suburban-2,197.70503
2652,mixed/suburban-2,218.24664
2653,mixed/suburban,408.7325
2654,mixed/suburban,519.715
2655,mixed/suburban,519.1876
2656,mixed/suburban,371.82703
2657,mixed/suburban-2,225.47467
2663,business,215.13525
2664,business,216.5048
2665,business,216.04945
2666,business,214.94365
2667,business,214.33199
2682,business,322.29898
2683,business,322.38992
2684,business,355.95187
2685,mixed/suburban,397.96027
2686,mixed/suburban,394.1719
2687,mixed/suburban,384.78134
2688,mixed/suburban,344.23212
2689,mixed/suburban,299.4143
2690,mixed/suburban,302.26343
2691,business,221.08241
2716,mixed/suburban,219.041
2717,mixed/suburban,202.95128
2729,mixed/suburban-2,203.33687
2730,mixed/suburban-2,313.46442
2731,mixed/suburban-2,441.59174
2732,mixed/suburban-2,447.21738
2733,mixed/suburban-2,436.4338
2734,mixed/suburban-2,388.83215
2735,mixed/suburban,286.2085
2736,business,329.96307
2737,mixed/suburban-2,358.69745
2738,mixed/suburban-2,360.67798
2739,mixed/suburban-2,263.73566
2746,business,214.48819
2752,mixed/suburban-2,200.56708
2753,mixed/suburban-2,275.51953
2754,mixed/suburban,378.4941
2755,mixed/suburban,396.2617
2756,mixed/suburban-2,322.1008
2757,mixed/suburban-2,322.03116
2758,mixed/suburban-2,320.29907
2763,business,209.77191
2764,business,216.5808
2765,business,216.28604
2766,business,215.3004
2767,business,216.5808
2768,business,216.18275
2782,business-2,353.18338
2783,business,323.1117
2784,business,360.4657
2785,mixed/suburban,391.92944
2786,mixed/suburban,394.82486
2787,mixed/suburban,390.69104
2788,business,356.12436
2789,business,315.94156
2790,business,248.8401
2791,business,228.86142
2792,business,215.98906
2793,business,216.68143
2794,business,216.67711
2797,mixed/suburban-2,221.8792
2798,mixed/suburban,225.2156
2799,mixed/suburban,230.66011
2800,mixed/suburban-2,209.41011
2816,mixed/suburban,248.23827
2817,mixed/suburban,197.47237
2828,mixed/suburban-2,207.70703
2829,mixed/suburban-2,209.43257
2830,mixed/suburban-2,259.92407
2831,mixed/suburban-2,294.55246
2832,mixed/suburban-2,389.5961
2833,mixed/suburban-2,426.41617
2834,mixed/suburban-2,416.0564
2835,mixed/suburban,430.44446
2836,business-2,343.4222
2837,mixed/suburban-2,333.34897
2838,mixed/suburban-2,291.79462
2851,mixed/suburban-2,202.43776
2852,mixed/suburban-2,242.274
2853,mixed/suburban-2,245.17142
2854,mixed/suburban-2,245.83372
2855,mixed/suburban-2,255.5794
2856,mixed/suburban-2,314.47223
2857,mixed/suburban-2,322.03116
2858,mixed/suburban-2,317.0768
2865,business,201.74872
2866,business,216.38113
2867,business,215.79742
2868,business,212.87605
2869,business,191.49622
2881,business-2,297.04266
2882,business-2,408.65823
2883,business-2,397.21927
2884,business,399.99512
2885,mixed/suburban,390.6915
2886,mixed/suburban,394.09653
2887,mixed/suburban,394.03815
2888,mixed/suburban,379.63583
2889,business,352.5934
2890,business,250.26176
2893,business,216.6376
2894,business,216.68143
2895,business,221.34027
2896,mixed/suburban,274.52118
2897,mixed/suburban,289.532
2898,mixed/suburban,289.532
2899,mixed/suburban,277.45312
2900,mixed/suburban,229.95724
2916,mixed/suburban,194.79794
2917,mixed/suburban,198.34825
2918,mixed/suburban,223.5972
2919,mixed/suburban,316.02698
2920,mixed/suburban-2,206.25598
2928,mixed/suburban-2,214.90018
2929,mixed/suburban-2,215.25468
2930,mixed/suburban-2,255.56377
2931,mixed/suburban-2,268.44495
2932,mixed/suburban-2,277.26755
2933,mixed/suburban-2,457.80707
2934,mixed/suburban-2,518.6578
2935,mixed/suburban-2,532.2721
2936,mixed/suburban-2,584.0491
2937,mixed/suburban-2,400.73926
2938,mixed/suburban-2,282.80594
2951,mixed/suburban-2,236.11879
2952,mixed/suburban-2,245.85565
2953,mixed/suburban-2,245.83372
2954,mixed/suburban-2,245.83372
2955,mixed/suburban-2,250.12361
2956,mixed/suburban-2,296.21548
2957,mixed/suburban-2,304.69162
2958,mixed/suburban-2,289.56113
2981,business-2,408.65823
2982,business-2,408.65823
2983,business-2,408.65823
2984,business-2,419.1126
2985,business,411.8184
2986,mixed/suburban,392.49106
2987,mixed/suburban,384.2586
2988,business,279.9672
2989,business,266.1684
2990,business,228.25078
2991,business,217.71686
2993,business,216.66357
2994,business,216.68143
2995,business,219.114
2996,mixed/suburban,247.39949
2997,mixed/suburban,289.532
2998,mixed/suburban,289.532
2999,mixed/suburban,269.9104
3000,mixed/suburban,216.60374
3016,mixed/suburban,194.40062
3017,mixed/suburban,367.91406
3018,mixed/suburban,487.23624
3019,mixed/suburban,319.79565
3020,mixed/suburban-2,351.01086
3021,mixed/suburban-2,379.69742
3022,mixed/suburban-2,382.54105
3023,mixed/suburban-2,190.39084
3029,mixed/suburban-2,197.26268
3030,mixed/suburban-2,214.0176
3031,mixed/suburban-2,254.07903
3032,mixed/suburban-2,276.38263
3033,mixed/suburban-2,332.15582
3034,mixed/suburban-2,473.3183
3035,mixed/suburban-2,477.3231
3036,mixed/suburban-2,627.60175
3037,mixed/suburban-2,578.002
3038,mixed/suburban-2,343.97995
3039,mixed/suburban-2,269.22903
3051,mixed/suburban-2,218.48927
3052,mixed/suburban-2,245.28789
3053,mixed/suburban-2,246.04652
3054,mixed/suburban-2,249.8175
3055,mixed/suburban-2,287.47952
3056,mixed/suburban-2,302.07788
3057,mixed/suburban-2,302.07788
3058,mixed/suburban-2,293.96042
3081,business-2,389.79654
3082,business-2,447.5525
3083,business-2,471.30695
3084,business-2,487.43805
3085,business,474.66486
3086,business,305.29825
3087,business,243.61703
3088,business,245.07585
3089,business,244.75291
3090,business,217.40742
3091,business,216.68143
3092,business,216.68143
3093,business,216.68143
3094,business,217.82822
3095,mixed/suburban,263.96637
3096,mixed/suburban,281.15677
3097,mixed/suburban,289.532
3098,mixed/suburban,289.5288
3099,mixed/suburban,283.32703
3100,mixed/suburban,220.94179
3116,mixed/suburban,242.37161
3117,mixed/suburban-2,518.45996
3118,mixed/suburban,706.9238
3119,mixed/suburban,484.71365
3120,mixed/suburban-2,404.57687
3121,mixed/suburban-2,381.1775
3122,mixed/suburban,306.22647
3130,mixed/suburban-2,318.7027
3131,mixed/suburban-2,312.47858
3132,mixed/suburban-2,254.19574
3133,mixed/suburban-2,291.90067
3134,mixed/suburban-2,470.88028
3135,mixed/suburban-2,546.7099
3136,mixed/suburban-2,542.90784
3137,mixed/suburban-2,477.38312
3138,mixed/suburban-2,335.41147
3139,mixed/suburban-2,335.41147
3140,mixed/suburban-2,319.3557
3151,mixed/suburban-2,191.0932
3152,mixed/suburban-2,251.59749
3153,mixed/suburban-2,394.7144
3154,mixed/suburban-2,370.00793
3155,mixed/suburban-2,311.52533
3156,mixed/suburban-2,302.07788
3157,mixed/suburban-2,302.07788
3158,mixed/suburban-2,291.12497
3168,business,186.78171
3181,business-2,376.54095
3182,business-2,553.6138
3183,business-2,553.6009
3184,business-2,558.88684
3185,business,575.49304
3186,business,305.74405
3187,business,244.61734
3188,business,244.94704
3189,business,245.14853
3190,business,218.18706
3191,business,216.68143
3192,business,216.68143
3193,business,216.68143
3194,business,234.84052
3195,mixed/suburban,289.27737
3196,mixed/suburban,289.532
3197,mixed/suburban,282.7305
3198,mixed/suburban,286.14813
3199,mixed/suburban,272.04318
3200,mixed/suburban,224.85732
3216,mixed/suburban-2,259.2951
3217,mixed/suburban-2,472.41745
3218,mixed/suburban-2,670.4194
3219,mixed/suburban-2,545.73676
3220,mixed/suburban,429.47278
3221,mixed/suburban,372.27496
3222,business,298.03796
3226,mixed/suburban,258.08624
3230,mixed/suburban-2,410.50214
3231,mixed/suburban-2,414.7182
3232,mixed/suburban-2,389.06082
3233,mixed/suburban-2,437.22467
3234,mixed/suburban-2,582.8772
3235,mixed/suburban-2,581.7793
3236,mixed/suburban-2,561.5645
3237,mixed/suburban-2,419.61743
3238,mixed/suburban-2,294.4818
3239,mixed/suburban-2,289.96655
3240,mixed/suburban-2,249.73878
3251,mixed/suburban-2,216.61244
3252,mixed/suburban-2,306.0541
3253,mixed/suburban-2,644.4459
3254,mixed/suburban-2,519.4434
3255,mixed/suburban-2,441.6282
3256,mixed/suburban-2,379.46237
3257,mixed/suburban,320.99136
3258,mixed/suburban,329.64645
3264,business,191.02377
3281,business-2,395.25354
3282,business-2,553.6138
3283,business-2,544.135
3284,business,570.68097
3285,mixed/suburban,640.92523
3286,mixed/suburban,469.20093
3287,business,244.46136
3288,business,245.14566
3289,business,245.21123
3290,business,228.41089
3291,business,216.68143
3292,business,216.68143
3293,business,217.0434
3294,mixed/suburban,271.79553
3295,mixed/suburban,289.532
3296,mixed/suburban,289.532
3297,mixed/suburban,273.36057
3298,mixed/suburban,250.89772
3299,mixed/suburban,229.96362
3300,mixed/suburban,228.42667
3318,mixed/suburban-2,467.62164
3319,mixed/suburban-2,464.5451
3320,business,415.66214
3321,business,415.36465
3322,business,340.3537
3323,business-2,308.39337
3324,business,220.89749
3325,business,337.36624
3326,mixed/suburban,396.05963
3327,mixed/suburban,217.5871
3330,mixed/suburban-2,392.2123
3331,mixed/suburban-2,457.00867
3332,mixed/suburban-2,520.35583
3333,mixed/suburban-2,592.7152
3334,mixed/suburban-2,656.25525
3335,mixed/suburban-2,629.9677
3336,mixed/suburban-2,693.8573
3337,mixed/suburban-2,630.7998
3338,mixed/suburban-2,236.11034
3339,mixed/suburban-2,236.11034
3340,mixed/suburban-2,233.203
3346,mixed/suburban-2,212.8798
3347,mixed/suburban-2,241.07997
3348,mixed/suburban-2,241.07997
3349,mixed/suburban-2,225.69254
3350,mixed/suburban,325.93497
3351,mixed/suburban,306.2421
3352,mixed/suburban-2,578.63434
3353,mixed/suburban-2,693.171
3354,mixed/suburban-2,553.2732
3355,mixed/suburban-2,368.25287
3356,mixed/suburban,354.06454
3357,business,374.96262
3358,business,337.09372
3359,business,272.18335
3363,mixed/suburban-2,293.29663
3364,mixed/suburban-2,307.37167
3365,mixed/suburban-2,307.37167
3366,mixed/suburban-2,307.37167
3367,mixed/suburban,413.6657
3368,mixed/suburban,396.96832
3369,mixed/suburban,253.68216
3379,mixed/suburban,447.92923
3380,mixed/suburban,550.3303
3381,business,552.4052
3382,business,515.46655
3383,business,452.6263
3384,mixed/suburban,476.48434
3385,mixed/suburban,640.9299
3386,mixed/suburban,613.86566
3387,business,260.24512
3388,business,245.81073
3389,business,245.81073
3390,business,231.14987
3393,business,210.84967
3394,mixed/suburban,288.96155
3395,mixed/suburban,289.532
3396,mixed/suburban,289.532
3397,mixed/suburban,289.4671
3398,mixed/suburban,229.81271
3418,mixed/suburban-2,467.62164
3419,mixed/suburban-2,325.37256
3420,mixed/suburban,190.7528
3421,mixed/suburban,275.86185
3422,business-2,322.44824
3423,business-2,324.7051
3424,business,283.05774
3425,business,259.97162
3426,mixed/suburban,367.85458
3427,mixed/suburban,399.00916
3428,mixed/suburban-2,323.1854
3429,mixed/suburban-2,310.48273
3430,mixed/suburban-2,194.39497
3431,mixed/suburban-2,438.83875
3432,mixed/suburban-2,900.3915
3433,mixed/suburban-2,703.8855
3434,mixed/suburban-2,656.25525
3435,mixed/suburban-2,662.27484
3436,mixed/suburban-2,941.63885
3437,mixed/suburban-2,907.52716
3438,mixed/suburban-2,517.5149
3439,mixed/suburban-2,236.00764
3440,mixed/suburban-2,234.77625
3446,mixed/suburban-2,241.08191
3447,mixed/suburban-2,241.07997
3448,mixed/suburban-2,241.10916
3449,mixed/suburban-2,275.87347
3450,mixed/suburban,296.39792
3451,mixed/suburban,477.6208
3452,mixed/suburban-2,569.05853
3453,mixed/suburban-2,745.00385
3454,mixed/suburban-2,605.7649
3455,mixed/suburban-2,416.4128
3456,business,318.81622
3457,business,295.44366
3458,business,433.92456
3459,business,296.98975
3462,mixed/suburban,310.87415
3463,mixed/suburban,557.0399
3464,mixed/suburban,414.38742
3465,mixed/suburban-2,332.1787
3466,mixed/suburban-2,382.7511
3467,mixed/suburban-2,505.94977
3468,mixed/suburban,274.25586
3469,mixed/suburban,308.13312
3470,mixed/suburban,353.09177
3471,mixed/suburban,320.41397
3472,mixed/suburban,324.13245
3479,mixed/suburban,447.91876
3480,mixed/suburban,550.30206
3481,mixed/suburban,550.29895
3482,mixed/suburban,494.17526
3483,mixed/suburban,454.60632
3484,mixed/suburban,426.04947
3485,mixed/suburban,422.03806
3486,mixed/suburban,437.27325
3487,business,244.98843
3488,business,254.69693
3489,business,257.9962
3494,mixed/suburban,246.2219
3495,mixed/suburban,290.2058
3496,mixed/suburban,298.222
3497,mixed/suburban,259.09842
3518,mixed/suburban-2,237.12517
3522,business-2,252.46567
3523,business-2,302.04065
3524,business,257.2247
3525,business,270.20862
3526,business,306.30154
3527,business,312.6892
3528,mixed/suburban-2,364.02612
3529,mixed/suburban-2,353.71042
3530,mixed/suburban-2,208.1959
3531,mixed/suburban-2,205.0924
3532,mixed/suburban-2,830.136
3533,mixed/suburban-2,889.76605
3534,mixed/suburban-2,833.2717
3535,mixed/suburban-2,807.25586
3536,mixed/suburban-2,915.4371
3537,mixed/suburban-2,856.0477
3538,mixed/suburban-2,547.1993
3539,mixed/suburban-2,310.54205
3540,mixed/suburban-2,188.52803
3545,mixed/suburban-2,218.75664
3546,mixed/suburban-2,227.6264
3547,mixed/suburban,392.3387
3548,mixed/suburban,513.1574
3549,mixed/suburban,556.21234
3550,mixed/suburban,534.3322
3551,mixed/suburban,570.3702
3552,mixed/suburban,495.83508
3553,mixed/suburban-2,697.5724
3554,mixed/suburban-2,630.69165
3555,mixed/suburban-2,592.77496
3556,mixed/suburban-2,398.30493
3558,mixed/suburban,1307.9775
3559,mixed/suburban-2,914.6188
3560,mixed/suburban-2,251.41374
3562,mixed/suburban,347.2907
3563,mixed/suburban,719.12836
3564,mixed/suburban,681.1778
3565,mixed/suburban-2,526.1077
3566,mixed/suburban-2,523.3473
3567,mixed/suburban,297.6114
3568,business,284.6198
3569,mixed/suburban,346.90094
3570,mixed/suburban,360.83783
3571,mixed/suburban,351.24295
3572,mixed/suburban,445.56314
3573,mixed/suburban,356.4849
3578,mixed/suburban-2,312.44763
3579,mixed/suburban-2,465.32007
3580,mixed/suburban,533.4252
3581,mixed/suburban,550.10333
3582,mixed/suburban,337.11215
3583,mixed/suburban,267.67648
3584,business,251.64877
3585,business,217.20139
3588,business-2,192.80005
3589,business,227.20345
3595,business,254.66068
3596,mixed/suburban,281.44617
3622,business,196.29527
3623,business-2,285.96548
3624,business,293.8949
3625,business,439.75226
3626,business,440.1261
3627,business,382.35223
3628,mixed/suburban,394.67062
3629,mixed/suburban-2,360.41675
3630,mixed/suburban-2,277.49005
3631,business,277.78314
3632,mixed/suburban,491.43524
3633,mixed/suburban-2,966.01965
3634,mixed/suburban-2,963.8618
3635,mixed/suburban-2,844.59393
3636,mixed/suburban-2,804.3612
3637,mixed/suburban-2,533.7154
3638,mixed/suburban-2,432.7038
3639,mixed/suburban-2,373.92447
3640,mixed/suburban-2,205.92438
3642,mixed/suburban-2,191.78465
3643,mixed/suburban-2,221.03163
3644,mixed/suburban-2,224.35905
3645,mixed/suburban-2,224.35905
3646,mixed/suburban-2,224.35905
3647,mixed/suburban,575.2841
3648,mixed/suburban,624.1644
3649,mixed/suburban,762.3884
3650,business,916.2078
3651,mixed/suburban,839.1969
3652,mixed/suburban,678.2991
3653,mixed/suburban,684.31335
3654,mixed/suburban-2,687.5327
3655,mixed/suburban-2,880.1397
3656,mixed/suburban-2,1206.2117
3657,mixed/suburban-2,679.59424
3658,mixed/suburban-2,1359.3772
3659,mixed/suburban,1235.5057
3660,mixed/suburban,668.66223
3661,mixed/suburban-2,392.63553
3662,mixed/suburban-2,486.53925
3663,mixed/suburban-2,622.0696
3664,mixed/suburban-2,620.6723
3665,mixed/suburban-2,575.1541
3666,mixed/suburban,400.09277
3667,mixed/suburban,350.32492
3668,mixed/suburban-2,499.43842
3669,mixed/suburban,373.98904
3670,mixed/suburban,367.59903
3671,mixed/suburban-2,530.9897
3672,mixed/suburban,611.41736
3673,mixed/suburban,771.4823
3674,mixed/suburban,756.9002
3675,business,599.6312
3676,mixed/suburban,420.20847
3677,mixed/suburban-2,427.86493
3678,mixed/suburban-2,453.4135
3679,mixed/suburban-2,453.4135
3680,mixed/suburban-2,458.14386
3681,mixed/suburban,406.6711
3682,mixed/suburban,244.46803
3685,business-2,292.91336
3686,business-2,203.33772
3689,business,191.67824
3694,business,193.18633
3695,business,260.43066
3696,business,277.04987
3724,mixed/suburban,318.97687
3725,mixed/suburban,388.69122
3726,business,430.8058
3727,business,447.25772
3728,business,459.3823
3729,business-2,496.31863
3730,business,377.3527
3731,business,309.28128
3732,mixed/suburban,424.79007
3733,mixed/suburban-2,665.60095
3734,mixed/suburban-2,631.928
3735,mixed/suburban-2,800.57477
3736,mixed/suburban-2,804.4415
3737,mixed/suburban-2,583.41254
3738,mixed/suburban-2,319.85706
3743,mixed/suburban-2,245.11752
3744,mixed/suburban-2,226.11813
3745,mixed/suburban-2,224.35905
3746,mixed/suburban-2,301.42563
3747,mixed/suburban,728.0417
3748,mixed/suburban,1005.8449
3749,mixed/suburban,895.33185
3750,business,945.218
3751,business,994.71704
3752,mixed/suburban,792.74976
3753,mixed/suburban,703.61163
3754,mixed/suburban-2,863.4331
3755,mixed/suburban-2,1085.0211
3756,mixed/suburban-2,1728.2771
3757,mixed/suburban-2,2013.4293
3758,mixed/suburban-2,1373.2755
3759,mixed/suburban,879.3964
3760,mixed/suburban,848.48395
3761,mixed/suburban-2,663.7133
3762,mixed/suburban-2,610.51184
3763,mixed/suburban,915.8025
3764,mixed/suburban,1190.5951
3765,mixed/suburban,672.2042
3766,business,399.2521
3767,mixed/suburban-2,491.3953
3768,mixed/suburban-2,557.1793
3769,mixed/suburban,506.8781
3770,mixed/suburban,384.5211
3771,mixed/suburban-2,826.7867
3772,mixed/suburban-2,799.96436
3773,mixed/suburban,746.0289
3774,mixed/suburban,712.95355
3775,business,744.1884
3776,business,602.3769
3777,mixed/suburban-2,464.127
3778,mixed/suburban-2,453.4135
3779,mixed/suburban-2,453.4135
3780,mixed/suburban-2,453.4135
3781,mixed/suburban-2,425.25043
3785,business-2,193.80473
3786,business,197.44078
3794,business,212.73492
3795,business,228.3078
3796,business,223.4068
3823,mixed/suburban-2,283.7517
3824,mixed/suburban-2,297.14957
3825,mixed/suburban-2,299.19006
3826,mixed/suburban-2,300.2638
3827,mixed/suburban-2,487.6576
3828,mixed/suburban,513.5404
3829,business-2,470.80795
3830,business,358.86642
3831,business,355.12268
3832,business,367.405
3833,mixed/suburban-2,403.76328
3834,mixed/suburban-2,375.71182
3835,mixed/suburban-2,458.5633
3836,mixed/suburban-2,413.89093
3837,mixed/suburban,314.2429
3843,mixed/suburban,275.72006
3844,mixed/suburban-2,436.94363
3845,mixed/suburban-2,682.96655
3846,mixed/suburban-2,989.76447
3847,mixed/suburban-2,1055.5961
3848,mixed/suburban-2,1151.3488
3849,mixed/suburban,918.31714
3850,mixed/suburban,975.30945
3851,business,1033.3066
3852,business,1101.7068
3853,mixed/suburban,1075.1852
3854,mixed/suburban-2,1292.4352
3855,mixed/suburban-2,1366.8148
3856,mixed/suburban-2,1998.358
3857,mixed/suburban-2,1977.3665
3858,mixed/suburban-2,1459.5215
3859,mixed/suburban,954.2665
3860,mixed/suburban-2,914.5282
3861,mixed/suburban-2,781.85565
3862,mixed/suburban-2,1306.363
3863,mixed/suburban-2,1314.695
3864,mixed/suburban,1117.7365
3865,business,742.22076
3866,mixed/suburban,582.77234
3867,mixed/suburban-2,635.00696
3868,mixed/suburban-2,1070.0219
3869,mixed/suburban-2,1514.242
3870,mixed/suburban,758.8892
3871,mixed/suburban,1077.6847
3872,mixed/suburban,1076.945
3873,mixed/suburban,610.06726
3874,business,679.4812
3875,mixed/suburban,707.09106
3876,mixed/suburban,662.22864
3877,mixed/suburban,500.79654
3878,mixed/suburban-2,439.64786
3879,mixed/suburban-2,437.12576
3880,mixed/suburban-2,433.59027
3881,mixed/suburban-2,409.44888
3882,mixed/suburban,229.91545
3884,mixed/suburban,216.18698
3885,mixed/suburban,211.14613
3886,business,194.5904
3923,mixed/suburban-2,216.19699
3924,mixed/suburban-2,239.41562
3925,mixed/suburban-2,268.25647
3926,mixed/suburban-2,276.7522
3927,mixed/suburban-2,508.0016
3928,mixed/suburban-2,543.0844
3929,mixed/suburban,619.56775
3930,mixed/suburban,515.82916
3931,mixed/suburban,382.55
3932,business,396.1266
3933,mixed/suburban,370.8185
3934,mixed/suburban-2,261.48672
3935,mixed/suburban,208.69905
3937,business,215.77461
3943,mixed/suburban,280.19812
3944,mixed/suburban,446.4344
3945,mixed/suburban,469.5667
3946,mixed/suburban-2,686.01935
3947,mixed/suburban-2,873.6067
3948,mixed/suburban,891.5734
3949,mixed/suburban,941.41077
3950,business,833.8839
3951,business-2,639.34033
3952,business,1003.3522
3953,mixed/suburban,1639.6791
3954,mixed/suburban-2,1537.7086
3955,mixed/suburban-2,1589.2388
3956,mixed/suburban-2,1891.1714
3957,mixed/suburban-2,1670.9657
3958,mixed/suburban-2,1221.1919
3959,mixed/suburban-2,1401.022
3960,mixed/suburban-2,1336.0525
3961,mixed/suburban-2,905.5794
3962,mixed/suburban-2,1640.3635
3963,mixed/suburban,1447.958
3964,business,947.52783
3965,business,913.4948
3966,mixed/suburban,765.7032
3967,mixed/suburban-2,851.4419
3968,mixed/suburban-2,1018.6917
3969,business,1457.9049
3970,mixed/suburban,944.2968
3971,mixed/suburban,815.4688
3972,mixed/suburban,814.3489
3973,business,537.5421
3974,business,521.6508
3975,business,505.45792
3976,mixed/suburban,305.25122
3977,mixed/suburban,216.69643
3978,mixed/suburban-2,234.20746
3979,mixed/suburban-2,227.8014
3980,mixed/suburban-2,227.83498
3981,mixed/suburban,259.433
3982,mixed/suburban,277.5174
3983,mixed/suburban,243.08025
3984,mixed/suburban-2,251.11568
3985,mixed/suburban-2,231.52878
3986,mixed/suburban-2,227.61781
4024,mixed/suburban-2,198.7539
4025,mixed/suburban-2,198.7539
4026,mixed/suburban-2,198.7539
4027,mixed/suburban-2,649.62225
4028,mixed/suburban-2,600.1647
4029,mixed/suburban-2,653.9254
4030,mixed/suburban-2,596.44324
4031,mixed/suburban,428.00305
4032,business,444.40045
4033,business,440.57446
4037,business,231.9067
4038,business-2,421.58304
4040,mixed/suburban-2,221.27725
4041,mixed/suburban-2,235.84023
4042,mixed/suburban-2,302.0807
4043,mixed/suburban-2,313.23132
4044,mixed/suburban,491.07712
4045,mixed/suburban,411.83594
4046,mixed/suburban,411.83594
4047,mixed/suburban-2,619.8131
4048,mixed/suburban-2,846.812
4049,mixed/suburban,902.1806
4050,business,842.00494
4051,business-2,588.34
4052,business-2,873.6516
4053,business,1581.3099
4054,mixed/suburban,1434.992
4055,mixed/suburban-2,1419.2805
4056,mixed/suburban-2,1420.6522
4057,mixed/suburban-2,1321.2233
4058,mixed/suburban-2,1333.0481
4059,mixed/suburban,1668.7208
4060,mixed/suburban,1726.911
4061,mixed/suburban,1242.3506
4062,mixed/suburban,1344.4299
4063,business,1296.616
4064,business,939.08936
4065,business,431.57425
4066,mixed/suburban,270.36075
4067,mixed/suburban-2,523.1658
4068,mixed/suburban-2,1989.0706
4069,mixed/suburban,1898.667
4070,mixed/suburban,518.2947
4071,mixed/suburban,409.74713
4072,mixed/suburban,475.71588
4073,mixed/suburban,466.3716
4074,business,398.88898
4075,mixed/suburban,286.09567
4076,mixed/suburban,202.80171
4077,mixed/suburban,208.99265
4078,mixed/suburban-2,229.26646
4079,mixed/suburban-2,227.8014
4080,mixed/suburban-2,232.47331
4081,mixed/suburban,289.45248
4082,mixed/suburban,294.9906
4083,mixed/suburban,233.88588
4084,mixed/suburban-2,240.525
4085,mixed/suburban-2,231.38185
4124,mixed/suburban-2,197.67468
4125,mixed/suburban-2,198.7539
4126,mixed/suburban-2,245.21255
4127,mixed/suburban-2,658.24493
4128,mixed/suburban-2,993.22095
4129,mixed/suburban-2,610.2978
4130,mixed/suburban-2,567.6897
4131,mixed/suburban,417.06268
4132,business,390.22577
4133,business,460.4549
4136,business,240.13454
4137,business,207.36418
4138,business,202.65503
4139,mixed/suburban,245.68388
4140,mixed/suburban-2,324.02133
4141,mixed/suburban-2,326.35672
4142,mixed/suburban-2,314.10004
4143,mixed/suburban-2,519.9708
4144,mixed/suburban,821.23944
4145,business,832.42114
4146,business,870.08734
4147,mixed/suburban,1046.967
4148,mixed/suburban,1032.9835
4149,mixed/suburban,1087.3276
4150,business,996.6554
4151,business,866.3145
4152,mixed/suburban,937.3869
4153,business,1437.2881
4154,mixed/suburban,2076.5645
4155,mixed/suburban,2439.3337
4156,mixed/suburban,2521.0322
4157,mixed/suburban-2,2067.6174
4158,mixed/suburban,1556.2567
4159,business,1649.2839
4160,business,2280.8596
4161,mixed/suburban,2102.465
4162,mixed/suburban,979.8031
4163,business,1032.2577
4164,business,708.0692
4165,mixed/suburban,435.61667
4166,mixed/suburban,323.84137
4167,mixed/suburban-2,340.97113
4168,mixed/suburban-2,1890.1865
4169,mixed/suburban-2,1566.575
4170,mixed/suburban,306.01248
4171,mixed/suburban,264.09988
4172,mixed/suburban,279.45032
4173,mixed/suburban,225.47719
4174,mixed/suburban,234.05473
4175,mixed/suburban,238.7677
4176,mixed/suburban,204.5937
4177,mixed/suburban-2,276.77255
4178,mixed/suburban-2,253.2819
4179,mixed/suburban-2,228.23349
4180,mixed/suburban-2,305.90143
4181,mixed/suburban,306.98697
4182,mixed/suburban,302.11563
4183,business,265.6404
4184,business,236.69229
4219,mixed/suburban-2,217.49492
4225,mixed/suburban-2,350.9486
4226,mixed/suburban-2,725.3696
4227,mixed/suburban-2,734.2843
4228,mixed/suburban-2,738.9052
4229,mixed/suburban-2,653.33936
4230,mixed/suburban-2,534.5342
4231,mixed/suburban,203.09528
4233,business,231.88376
4236,business-2,303.723
4237,business,205.09581
4238,business,228.07315
4239,mixed/suburban,331.77252
4240,mixed/suburban,335.907
4241,mixed/suburban-2,309.91882
4242,mixed/suburban-2,285.32153
4243,mixed/suburban-2,622.5259
4244,mixed/suburban,838.3834
4245,mixed/suburban,994.5877
4246,business,1008.3139
4247,business,1122.0597
4248,business,1226.9777
4249,business,1213.1589
4250,mixed/suburban,1062.628
4251,mixed/suburban-2,988.21875
4252,mixed/suburban,952.6302
4253,mixed/suburban,981.4094
4254,mixed/suburban-2,2137.6814
4255,mixed/suburban,2332.2664
4256,mixed/suburban-2,3100.7007
4257,mixed/suburban-2,2828.3682
4258,mixed/suburban,1652.5054
4259,business-2,1667.5286
4260,business,2130.7168
4261,business,2037.6526
4262,mixed/suburban,946.35016
4263,mixed/suburban,1322.039
4264,mixed/suburban,1453.4982
4265,mixed/suburban,580.8927
4266,mixed/suburban,658.1844
4267,mixed/suburban,678.6514
4268,mixed/suburban,630.9603
4269,mixed/suburban,480.72357
4270,mixed/suburban,226.28392
4271,mixed/suburban,246.46008
4272,mixed/suburban,200.42645
4276,mixed/suburban-2,404.61896
4277,mixed/suburban-2,441.11972
4278,mixed/suburban-2,433.31342
4279,mixed/suburban,482.1598
4280,mixed/suburban-2,499.99765
4281,mixed/suburban,450.6179
4282,mixed/suburban,268.3854
4283,business,201.15479
4284,business-2,215.66486
4319,mixed/suburban-2,196.86964
4320,mixed/suburban-2,211.75185
4324,mixed/suburban-2,233.88445
4325,mixed/suburban-2,797.6445
4326,mixed/suburban-2,803.4449
4327,mixed/suburban,338.88538
4328,mixed/suburban,417.7413
4329,mixed/suburban-2,575.18994
4330,mixed/suburban-2,364.5838
4332,business,187.00124
4335,business,190.65381
4336,business,207.3629
4337,business,207.26025
4338,business,190.17332
4339,mixed/suburban,286.53104
4340,mixed/suburban,319.32074
4341,mixed/suburban-2,863.51086
4342,mixed/suburban-2,1113.6101
4343,mixed/suburban-2,1178.8469
4344,mixed/suburban-2,1317.0106
4345,mixed/suburban-2,1228.7848
4346,mixed/suburban,1139.9385
4347,mixed/suburban,1050.8369
4348,mixed/suburban,1185.6277
4349,mixed/suburban,1822.663
4350,mixed/suburban-2,1408.0513
4351,mixed/suburban-2,1051.0804
4352,mixed/suburban,1002.95044
4353,mixed/suburban,1098.1287
4354,mixed/suburban-2,1996.8794
4355,mixed/suburban-2,2473.1326
4356,mixed/suburban-2,2335.1785
4357,mixed/suburban,2023.0679
4358,mixed/suburban,2092.5713
4359,business,2627.7437
4360,business-2,1538.412
4361,business-2,1184.9817
4362,mixed/suburban-2,2721.8792
4363,mixed/suburban-2,2477.2517
4364,mixed/suburban,2281.9436
4365,mixed/suburban-2,817.52277
4366,mixed/suburban-2,1443.5481
4367,business-2,990.2275
4368,mixed/suburban,564.3792
4369,mixed/suburban,569.10156
4370,mixed/suburban,420.8403
4371,mixed/suburban,192.62286
4372,mixed/suburban,198.45462
4376,mixed/suburban-2,385.75354
4377,mixed/suburban-2,441.18002
4378,mixed/suburban,505.47543
4379,business,660.80896
4380,mixed/suburban,570.18866
4381,mixed/suburban,389.12357
4382,mixed/suburban,252.16142
4420,mixed/suburban-2,230.90474
4421,mixed/suburban-2,234.449
4423,mixed/suburban-2,204.3155
4424,mixed/suburban-2,218.70892
4425,mixed/suburban-2,451.88492
4426,mixed/suburban,324.98114
4428,mixed/suburban,268.22577
4429,mixed/suburban,326.88965
4430,mixed/suburban,210.68492
4432,business,198.85657
4436,business,208.349
4440,mixed/suburban-2,293.4814
4441,mixed/suburban-2,376.40082
4442,mixed/suburban-2,1359.1462
4443,mixed/suburban-2,1216.936
4444,mixed/suburban,1830.7736
4445,mixed/suburban,1842.7938
4446,mixed/suburban-2,1969.8615
4447,mixed/suburban-2,1787.6698
4448,mixed/suburban-2,1154.9127
4449,mixed/suburban,1527.5842
4450,mixed/suburban,1693.4103
4451,mixed/suburban,1245.659
4452,business,1705.714
4453,mixed/suburban,1767.6143
4454,mixed/suburban-2,1728.1544
4455,mixed/suburban-2,2555.1472
4456,mixed/suburban-2,3817.1997
4457,mixed/suburban-2,4247.8345
4458,mixed/suburban,2938.1838
4459,business-2,5208.342
4460,business-2,3456.108
4461,mixed/suburban,2638.2405
4462,mixed/suburban-2,3613.7422
4463,mixed/suburban-2,1655.374
4464,mixed/suburban,1190.6044
4465,mixed/suburban,661.28467
4466,mixed/suburban,576.89923
4467,mixed/suburban,537.8772
4468,business,652.3899
4469,mixed/suburban,417.60583
4470,mixed/suburban,386.80692
4471,mixed/suburban-2,255.72076
4472,mixed/suburban-2,240.83615
4476,mixed/suburban,266.45193
4477,mixed/suburban,382.72186
4478,business,624.6931
4479,business,681.2467
4480,business,556.53564
4481,business,336.26544
4482,business,278.36627
4520,mixed/suburban-2,198.07594
4521,mixed/suburban-2,260.15097
4522,mixed/suburban-2,214.31245
4523,mixed/suburban-2,211.22975
4524,mixed/suburban-2,211.29726
4525,mixed/suburban,216.21497
4526,mixed/suburban,280.24442
4527,mixed/suburban,204.93979
4528,mixed/suburban,241.17384
4529,mixed/suburban-2,301.27277
4530,mixed/suburban,239.61824
4536,mixed/suburban,189.61932
4540,mixed/suburban-2,293.6571
4541,mixed/suburban-2,300.27533
4542,mixed/suburban-2,839.73083
4543,mixed/suburban-2,997.7123
4544,mixed/suburban,1691.1438
4545,mixed/suburban,2121.0557
4546,mixed/suburban-2,2117.7686
4547,mixed/suburban-2,2300.4573
4548,mixed/suburban-2,2876.7024
4549,mixed/suburban,2053.0137
4550,business,1827.8959
4551,business,1770.0339
4552,business,1827.7611
4553,mixed/suburban-2,2828.8074
4554,mixed/suburban-2,3026.2974
4555,mixed/suburban-2,2932.9536
4556,mixed/suburban-2,3074.3757
4557,mixed/suburban-2,2463.21
4558,mixed/suburban,2778.7168
4559,mixed/suburban,3537.641
4560,business,2814.0884
4561,mixed/suburban-2,2600.0828
4562,mixed/suburban-2,1716.2534
4563,mixed/suburban,359.7306
4564,mixed/suburban,452.77185
4565,mixed/suburban,395.1158
4566,mixed/suburban,471.79333
4567,mixed/suburban,352.36838
4568,mixed/suburban,512.66364
4569,mixed/suburban,554.9409
4570,mixed/suburban-2,244.78052
4571,mixed/suburban-2,236.11229
4572,mixed/suburban-2,195.05045
4577,mixed/suburban,251.37706
4578,business,380.89307
4579,business,442.73615
4580,business,268.54718
4581,business,283.5749
4582,business,319.95425
4621,mixed/suburban,283.31998
4622,mixed/suburban,253.82478
4623,mixed/suburban-2,219.73816
4624,mixed/suburban-2,211.36014
4625,mixed/suburban,206.10312
4626,mixed/suburban,211.31418
4627,mixed/suburban-2,292.32358
4628,mixed/suburban-2,391.1979
4629,mixed/suburban-2,390.65796
4636,mixed/suburban,190.51932
4637,mixed/suburban,214.0465
4638,mixed/suburban,297.96036
4639,mixed/suburban-2,262.00888
4640,mixed/suburban-2,257.43863
4641,mixed/suburban-2,361.65198
4642,mixed/suburban-2,892.21423
4643,mixed/suburban-2,1009.90717
4644,mixed/suburban-2,1139.8948
4645,mixed/suburban,1457.747
4646,mixed/suburban,1386.6608
4647,mixed/suburban-2,2410.3687
4648,mixed/suburban-2,3264.424
4649,mixed/suburban-2,1805.6304
4650,business,2228.8755
4651,mixed/suburban,2272.4963
4652,mixed/suburban-2,2473.2935
4653,mixed/suburban-2,3625.893
4654,mixed/suburban-2,4078.8213
4655,mixed/suburban-2,3821.4285
4656,mixed/suburban-2,3105.3108
4657,mixed/suburban-2,1903.8124
4658,mixed/suburban,2309.714
4659,mixed/suburban,3017.691
4660,mixed/suburban,3060.8118
4661,business,2520.26
4662,business,2318.942
4663,business,345.4201
4664,mixed/suburban,679.3464
4665,mixed/suburban-2,358.8277
4666,mixed/suburban,453.9254
4667,mixed/suburban,414.54172
4668,mixed/suburban,386.37787
4669,mixed/suburban,725.20917
4670,mixed/suburban-2,331.74976
4671,mixed/suburban-2,192.52724
4677,business,266.27417
4678,mixed/suburban,583.34515
4679,mixed/suburban-2,775.55695
4680,mixed/suburban,223.92567
4681,business,294.4541
4682,business,358.0818
4721,mixed/suburban,288.777
4722,mixed/suburban,288.777
4723,mixed/suburban,277.56586
4724,mixed/suburban-2,210.40915
4725,mixed/suburban-2,273.55826
4726,mixed/suburban-2,542.96826
4727,mixed/suburban-2,520.6292
4728,mixed/suburban-2,447.46603
4729,mixed/suburban-2,358.09964
4736,mixed/suburban,192.52478
4737,mixed/suburban,214.6563
4738,mixed/suburban,326.77905
4739,mixed/suburban,273.80884
4740,mixed/suburban,269.97076
4741,mixed/suburban,436.93808
4742,mixed/suburban,647.7831
4743,business,750.42395
4744,business,758.44525
4745,mixed/suburban,1323.7202
4746,mixed/suburban,1576.8027
4747,mixed/suburban,1861.708
4748,mixed/suburban-2,1630.8727
4749,mixed/suburban,1795.8743
4750,mixed/suburban,2236.041
4751,mixed/suburban-2,2172.2053
4752,mixed/suburban-2,2027.3911
4753,mixed/suburban-2,2778.4868
4754,mixed/suburban-2,4100.662
4755,mixed/suburban-2,4845.4077
4756,mixed/suburban-2,3496.4216
4757,mixed/suburban,3289.1047
4758,business,3564.561
4759,business,3489.8484
4760,business,3335.584
4761,business,4132.3604
4762,business,3632.8643
4763,business-2,657.33026
4764,business-2,534.62866
4765,mixed/suburban,934.5315
4766,mixed/suburban,571.7101
4767,mixed/suburban,619.09796
4768,mixed/suburban,527.60834
4769,mixed/suburban,463.21942
4770,mixed/suburban-2,389.49133
4771,mixed/suburban-2,210.4222
4776,mixed/suburban,381.96628
4777,mixed/suburban,929.6638
4778,mixed/suburban,799.18463
4779,mixed/suburban-2,647.7063
4780,mixed/suburban,293.12387
4781,business,350.1387
4782,business,382.28394
4783,business,284.16907
4820,mixed/suburban,239.83812
4821,mixed/suburban,277.70593
4822,mixed/suburban,279.27502
4823,mixed/suburban-2,220.70703
4824,mixed/suburban-2,201.44466
4825,mixed/suburban-2,298.0692
4826,mixed/suburban-2,1322.8136
4827,mixed/suburban-2,694.8985
4828,mixed/suburban-2,495.97748
4829,mixed/suburban-2,468.39398
4830,mixed/suburban-2,421.62946
4836,mixed/suburban,198.70813
4837,business,202.96472
4838,mixed/suburban,225.16301
4839,business,250.48553
4840,mixed/suburban,354.3897
4841,mixed/suburban,461.59924
4842,mixed/suburban,615.38776
4843,business,751.354
4844,business,828.183
4845,mixed/suburban,1362.1445
4846,mixed/suburban,1678.3608
4847,business,1896.3544
4848,mixed/suburban,1910.2018
4849,mixed/suburban-2,2341.2922
4850,mixed/suburban,2035.407
4851,mixed/suburban,1941.4215
4852,mixed/suburban,1801.9338
4853,mixed/suburban,3004.6304
4854,mixed/suburban,3925.1572
4855,business,5706.3467
4856,business,5531.0566
4857,mixed/suburban,4865.0703
4858,business,2967.567
4859,business-2,2795.6367
4860,business-2,3115.1294
4861,business-2,3765.1428
4862,business-2,2323.2153
4863,business-2,1371.753
4864,business-2,784.7558
4865,business,1251.0858
4866,business,724.462
4867,business,786.3728
4868,mixed/suburban,690.2685
4869,mixed/suburban,870.4583
4870,mixed/suburban-2,845.8772
4871,mixed/suburban,683.2457
4872,mixed/suburban,344.20605
4873,mixed/suburban,423.9915
4874,business,2020.3456
4876,mixed/suburban,345.7231
4877,mixed/suburban,946.3643
4878,mixed/suburban,597.605
4879,mixed/suburban,451.69278
4880,mixed/suburban,471.90125
4881,business,405.78506
4882,business,404.9003
4883,business,404.9003
4884,business,386.95734
4888,business,188.622
4889,business,648.3476
4890,business,968.96
4891,business,411.33347
4919,mixed/suburban,252.35727
4920,mixed/suburban,254.82349
4921,mixed/suburban,254.83127
4922,mixed/suburban-2,234.00323
4923,mixed/suburban-2,198.38068
4924,mixed/suburban-2,197.33873
4925,mixed/suburban-2,208.62798
4926,mixed/suburban-2,1368.0734
4927,mixed/suburban-2,1237.4249
4928,mixed/suburban-2,501.1602
4929,mixed/suburban-2,524.183
4930,mixed/suburban-2,545.6129
4931,mixed/suburban-2,224.80107
4933,mixed/suburban,202.1898
4934,mixed/suburban,193.34297
4937,business,186.83104
4938,mixed/suburban,187.96458
4939,mixed/suburban,418.06342
4940,mixed/suburban-2,655.7816
4941,mixed/suburban-2,620.0325
4942,mixed/suburban,760.3247
4943,mixed/suburban,969.4758
4944,business,784.57947
4945,mixed/suburban,1038.2706
4946,mixed/suburban,1264.785
4947,mixed/suburban,1367.8163
4948,mixed/suburban,3331.1484
4949,mixed/suburban-2,2246.7751
4950,mixed/suburban-2,1409.703
4951,mixed/suburban,1420.574
4952,mixed/suburban,2094.6008
4953,business,2833.808
4954,business,3380.6099
4955,business-2,4624.9785
4956,business-2,5280.701
4957,mixed/suburban,3923.5195
4958,business,3512.2134
4959,business-2,3992.036
4960,business-2,3231.6045
4961,business-2,4631.993
4962,business-2,3349.0688
4963,business-2,2134.6636
4964,business-2,1846.2068
4965,business-2,1406.5969
4966,business,580.97406
4967,business,2734.5957
4968,mixed/suburban,3498.1606
4969,mixed/suburban,2254.259
4970,mixed/suburban,1270.6733
4971,mixed/suburban,1754.4818
4972,mixed/suburban,2350.2961
4973,mixed/suburban,1695.5929
4974,mixed/suburban-2,274.1048
4977,mixed/suburban,757.3915
4978,mixed/suburban,484.0304
4979,mixed/suburban,450.70807
4980,mixed/suburban,390.0856
4981,business,274.5063
4982,mixed/suburban,187.88727
4983,mixed/suburban,226.63425
4984,mixed/suburban,241.12712
4988,business-2,439.79855
4989,business,833.7043
4990,business,767.40424
4991,business,1361.2991
4992,business,333.11572
5019,mixed/suburban,189.83556
5020,mixed/suburban,231.10631
5021,mixed/suburban-2,211.47237
5022,mixed/suburban-2,193.0255
5023,mixed/suburban-2,198.58537
5024,mixed/suburban-2,197.33873
5025,mixed/suburban-2,277.3529
5026,mixed/suburban-2,1009.5373
5027,mixed/suburban-2,1172.3097
5028,mixed/suburban-2,313.0135
5029,mixed/suburban-2,298.7155
5030,mixed/suburban-2,529.91614
5031,mixed/suburban-2,406.57965
5032,mixed/suburban,207.762
5033,mixed/suburban,209.2174
5034,mixed/suburban,206.53992
5038,mixed/suburban,236.41066
5039,mixed/suburban-2,607.6093
5040,mixed/suburban-2,661.00775
5041,mixed/suburban-2,738.1391
5042,mixed/suburban-2,598.62805
5043,mixed/suburban,635.5489
5044,business,577.7705
5045,business,792.8978
5046,business,2196.4163
5047,mixed/suburban-2,2722.338
5048,mixed/suburban-2,2360.4412
5049,mixed/suburban-2,1708.0796
5050,mixed/suburban-2,1141.9302
5051,mixed/suburban,1288.3237
5052,business,1874.659
5053,business-2,2679.4065
5054,business-2,2052.027
5055,business-2,3072.5747
5056,business-2,3438.215
5057,business,2229.3792
5058,business-2,2653.7256
5059,business-2,7507.2944
5060,business-2,3282.939
5061,business-2,6441.0854
5062,business-2,3427.0151
5063,business-2,3360.308
5064,business-2,2125.5698
5065,business-2,1122.0695
5066,business,494.21024
5067,business,1565.7941
5068,mixed/suburban,3485.5679
5069,mixed/suburban,2371.0288
5070,mixed/suburban,2201.0852
5071,mixed/suburban,1824.4785
5072,mixed/suburban-2,2878.227
5073,mixed/suburban-2,2542.3315
5074,mixed/suburban,530.2937
5077,mixed/suburban,266.40656
5078,mixed/suburban,351.52176
5079,mixed/suburban,327.12378
5080,business,358.2615
5081,business,272.27924
5082,mixed/suburban,189.5279
5088,business,274.49457
5089,business,1011.5739
5090,business,806.1566
5091,business,673.08044
5099,mixed/suburban-2,254.6778
5100,mixed/suburban-2,258.30893
5122,mixed/suburban-2,193.92947
5123,mixed/suburban-2,203.39604
5124,mixed/suburban-2,265.3417
5125,mixed/suburban-2,337.27676
5126,mixed/suburban-2,385.06607
5127,mixed/suburban-2,391.7605
5128,mixed/suburban-2,345.43872
5129,mixed/suburban-2,220.92671
5130,mixed/suburban-2,352.25815
5131,mixed/suburban,279.0403
5132,mixed/suburban,209.2174
5133,mixed/suburban,209.2174
5134,mixed/suburban,206.02032
5139,mixed/suburban-2,201.19722
5140,mixed/suburban-2,508.6538
5141,mixed/suburban-2,682.36176
5142,mixed/suburban-2,762.96436
5143,mixed/suburban-2,1524.0753
5144,mixed/suburban,1114.1974
5145,mixed/suburban,1541.0237
5146,mixed/suburban,2345.489
5147,mixed/suburban,2896.6936
5148,mixed/suburban-2,3017.2302
5149,mixed/suburban-2,2125.065
5150,mixed/suburban,1857.1025
5151,mixed/suburban,2846.4937
5152,business,2384.5537
5153,business,1772.3503
5154,business,3178.9133
5155,business-2,3556.402
5156,business-2,4269.746
5157,business-2,3409.297
5158,business-2,3886.4734
5159,business-2,5849.3765
5160,business-2,3576.9167
5161,business-2,8561.868
5162,business-2,5007.4976
5163,business-2,4652.4785
5164,business-2,2341.4507
5165,business,697.2716
5166,business,584.8351
5167,mixed/suburban,600.29553
5168,mixed/suburban,2348.4358
5169,mixed/suburban,2238.0837
5170,mixed/suburban,2342.9802
5171,mixed/suburban-2,1893.2218
5172,mixed/suburban-2,2081.3567
5173,mixed/suburban,1470.5175
5174,mixed/suburban,789.3377
5175,mixed/suburban,381.8531
5177,mixed/suburban,198.8408
5178,mixed/suburban,272.73413
5179,mixed/suburban,341.83954
5180,mixed/suburban,415.20312
5181,mixed/suburban,382.61304
5198,mixed/suburban-2,202.84859
5199,mixed/suburban-2,257.5434
5200,mixed/suburban-2,256.02478
5216,mixed/suburban-2,230.01572
5217,mixed/suburban-2,238.54147
5218,mixed/suburban-2,233.84518
5219,mixed/suburban-2,261.3196
5220,mixed/suburban-2,246.48193
5221,mixed/suburban-2,192.19778
5223,mixed/suburban-2,218.77338
5224,mixed/suburban-2,279.62167
5225,mixed/suburban-2,346.8238
5226,mixed/suburban-2,374.1191
5227,mixed/suburban-2,264.5973
5228,mixed/suburban-2,300.37167
5229,mixed/suburban-2,324.9195
5230,mixed/suburban-2,329.39462
5231,mixed/suburban,239.46329
5232,mixed/suburban,206.88889
5233,mixed/suburban,206.36421
5234,business,250.80698
5235,business,265.3992
5240,mixed/suburban-2,470.19354
5241,mixed/suburban-2,665.7487
5242,mixed/suburban-2,570.845
5243,mixed/suburban-2,888.4417
5244,mixed/suburban-2,1476.9691
5245,mixed/suburban-2,1695.9175
5246,mixed/suburban-2,1864.3367
5247,mixed/suburban-2,2033.5867
5248,mixed/suburban-2,3022.117
5249,mixed/suburban,2384.401
5250,mixed/suburban,1624.6097
5251,mixed/suburban,2579.4368
5252,mixed/suburban,3082.592
5253,mixed/suburban,1622.286
5254,business,3139.1821
5255,business,4373.77
5256,business-2,5129.095
5257,business-2,3159.5164
5258,business-2,5851.7744
5259,business-2,7046.895
5260,business-2,3331.7866
5261,business-2,4393.481
5262,business-2,5486.127
5263,business-2,4664.1143
5264,business-2,2116.7034
5265,business,617.29706
5266,business,1013.5975
5267,mixed/suburban,2711.9624
5268,mixed/suburban,2718.3948
5269,mixed/suburban,2695.4958
5270,mixed/suburban,2367.9888
5271,mixed/suburban-2,1974.9064
5272,mixed/suburban-2,1449.0312
5273,mixed/suburban-2,1407.0968
5274,mixed/suburban,736.0105
5275,mixed/suburban,598.51355
5276,mixed/suburban,330.20554
5277,mixed/suburban,763.8852
5278,mixed/suburban,478.19785
5279,mixed/suburban,455.56787
5280,mixed/suburban,495.49988
5281,mixed/suburban,373.9586
5282,mixed/suburban,214.12071
5298,mixed/suburban-2,235.01865
5299,mixed/suburban-2,239.45792
5300,mixed/suburban-2,234.05771
5315,mixed/suburban-2,234.42438
5316,mixed/suburban-2,235.2545
5317,mixed/suburban-2,238.53966
5318,mixed/suburban-2,261.7536
5319,mixed/suburban-2,311.17017
5320,mixed/suburban-2,309.97827
5321,mixed/suburban-2,226.08023
5322,mixed/suburban,188.70564
5323,mixed/suburban,223.68138
5324,mixed/suburban,230.38571
5325,mixed/suburban,263.8323
5326,mixed/suburban-2,225.81976
5327,mixed/suburban-2,223.70876
5328,mixed/suburban,204.15887
5329,mixed/suburban,192.57271
5333,mixed/suburban,195.66823
5334,business,292.31793
5335,business,297.9644
5337,business,240.84605
5341,mixed/suburban-2,598.7724
5342,mixed/suburban-2,686.1975
5343,mixed/suburban-2,775.1986
5344,mixed/suburban-2,1530.1415
5345,mixed/suburban-2,1473.1094
5346,mixed/suburban-2,1354.7004
5347,mixed/suburban-2,1525.2245
5348,mixed/suburban,2610.3276
5349,mixed/suburban,3393.1565
5350,mixed/suburban,1776.3643
5351,mixed/suburban,1922.3562
5352,mixed/suburban,2073.6777
5353,mixed/suburban,1813.3987
5354,business,1785.5265
5355,business,1241.9043
5356,business-2,1603.8549
5357,business-2,813.4132
5358,business,3180.3735
5359,business-2,3622.152
5360,business-2,3552.174
5361,business-2,4054.792
5362,business-2,1988.676
5363,business-2,2189.9531
5364,business-2,818.6692
5365,business,380.52042
5366,business,1090.2467
5367,mixed/suburban,3587.5188
5368,mixed/suburban-2,2750.798
5369,mixed/suburban,1765.8165
5370,mixed/suburban,2023.6833
5371,mixed/suburban,1547.7308
5372,mixed/suburban-2,1873.5769
5373,mixed/suburban-2,633.4296
5374,mixed/suburban,564.6722
5375,mixed/suburban,830.47046
5376,mixed/suburban,754.51324
5377,mixed/suburban,576.34375
5378,mixed/suburban,853.281
5379,mixed/suburban,618.4899
5380,mixed/suburban,590.52924
5381,mixed/suburban,589.51526
5382,mixed/suburban,337.2412
5398,mixed/suburban-2,249.14604
5399,mixed/suburban-2,249.14636
5400,mixed/suburban-2,245.73509
5415,mixed/suburban-2,209.58107
5416,mixed/suburban-2,213.26172
5417,mixed/suburban-2,228.80928
5418,mixed/suburban-2,293.56863
5419,mixed/suburban-2,305.21158
5420,mixed/suburban-2,264.03998
5421,business,212.6023
5422,business,216.896
5423,mixed/suburban,235.45317
5424,mixed/suburban,228.90385
5425,mixed/suburban,231.89815
5426,mixed/suburban-2,218.65936
5427,mixed/suburban,195.9951
5428,mixed/suburban,190.85391
5437,business,539.5164
5440,mixed/suburban,272.10947
5441,mixed/suburban-2,599.2313
5442,mixed/suburban-2,756.8685
5443,mixed/suburban-2,361.90347
5444,mixed/suburban-2,1225.8246
5445,mixed/suburban-2,1502.8066
5446,mixed/suburban-2,1305.4431
5447,mixed/suburban,1214.3193
5448,mixed/suburban,1417.3907
5449,mixed/suburban,2231.8228
5450,mixed/suburban,2070.5906
5451,mixed/suburban,1719.1241
5452,mixed/suburban,2136.4048
5453,mixed/suburban,2277.7615
5454,business,1297.0665
5455,business,1067.3992
5456,business,1044.0454
5457,business,1470.3035
5458,mixed/suburban,3572.6345
5459,business,2175.2158
5460,business-2,2965.5938
5461,business,3403.4243
5462,business-2,2234.7664
5463,business-2,1268.4202
5464,business-2,679.3463
5465,business,433.41867
5466,mixed/suburban,1306.732
5467,mixed/suburban-2,3781.1804
5468,mixed/suburban-2,2607.3655
5469,mixed/suburban,1713.0128
5470,mixed/suburban,1523.6771
5471,mixed/suburban,1165.622
5472,mixed/suburban,949.6586
5473,mixed/suburban,303.64847
5474,mixed/suburban,339.42197
5475,business,713.05396
5476,business,542.6315
5477,mixed/suburban,299.3932
5478,mixed/suburban,496.20193
5479,mixed/suburban,549.79706
5480,mixed/suburban,587.7983
5481,mixed/suburban,510.53323
5482,mixed/suburban,301.33975
5498,mixed/suburban-2,228.10245
5499,mixed/suburban-2,249.14636
5500,mixed/suburban-2,249.11005
5518,mixed/suburban-2,209.34161
5521,business,203.09514
5522,business,207.22127
5523,mixed/suburban,196.79453
5524,mixed/suburban,227.66306
5525,mixed/suburban,330.52637
5526,mixed/suburban-2,392.3953
5527,mixed/suburban-2,265.89044
5540,mixed/suburban,201.9082
5541,mixed/suburban-2,356.77487
5542,mixed/suburban-2,236.7614
5543,mixed/suburban,1024.2742
5544,mixed/suburban,1603.6423
5545,mixed/suburban,1529.0591
5546,mixed/suburban,1716.5664
5547,mixed/suburban,1625.6415
5548,mixed/suburban,1184.7544
5549,mixed/suburban,927.2223
5550,mixed/suburban-2,984.1036
5551,mixed/suburban,1337.6785
5552,business,1417.9271
5553,business,1485.7356
5554,mixed/suburban,1437.7169
5555,mixed/suburban,1341.7057
5556,mixed/suburban,1321.3263
5557,mixed/suburban,1325.9697
5558,mixed/suburban,1424.3009
5559,business,2515.7385
5560,business-2,2377.3042
5561,business-2,2301.628
5562,business-2,2691.0752
5563,business-2,1361.3324
5564,business,773.1826
5565,business,813.57745
5566,mixed/suburban,2849.4724
5567,mixed/suburban,4778.3477
5568,mixed/suburban-2,3209.732
5569,mixed/suburban,2031.6772
5570,mixed/suburban,2070.7515
5571,mixed/suburban,1556.434
5572,business,1067.3369
5573,business-2,401.13702
5574,business-2,367.77667
5575,business,395.68558
5576,business,393.33646
5577,business,363.35324
5578,mixed/suburban,497.20734
5579,mixed/suburban,548.67633
5580,mixed/suburban,496.31573
5581,mixed/suburban,269.35645
5582,business,191.8234
5598,mixed/suburban,239.26935
5599,mixed/suburban,281.42752
5600,mixed/suburban-2,277.3396
5625,mixed/suburban-2,388.19974
5626,mixed/suburban-2,386.09076
5627,mixed/suburban-2,275.14423
5636,mixed/suburban-2,329.7756
5637,mixed/suburban-2,373.2068
5639,mixed/suburban-2,270.4785
5640,mixed/suburban-2,248.44052
5642,mixed/suburban-2,201.59381
5643,business,1593.7959
5644,business,1692.3955
5645,business,1456.6875
5646,mixed/suburban,2036.4812
5647,mixed/suburban,1708.3102
5648,mixed/suburban,521.4172
5649,mixed/suburban,423.43884
5650,mixed/suburban,997.6569
5651,mixed/suburban,1428.0424
5652,business,1901.0771
5653,mixed/suburban-2,2020.1771
5654,mixed/suburban,1595.4042
5655,mixed/suburban,1515.4396
5656,mixed/suburban,1639.2272
5657,mixed/suburban,1246.4111
5658,mixed/suburban,2998.1116
5659,business,2872.74
5660,business,1943.6135
5661,business,2268.4321
5662,business-2,2436.297
5663,business,581.39197
5664,mixed/suburban,569.9711
5665,business,910.41583
5666,mixed/suburban,1210.357
5667,mixed/suburban,2782.5188
5668,mixed/suburban,2391.4243
5669,mixed/suburban-2,2296.7527
5670,mixed/suburban-2,2525.4705
5671,mixed/suburban,1711.4296
5672,business-2,1301.2079
5673,business-2,496.36584
5674,business-2,421.15936
5675,business-2,373.59622
5676,business,387.62857
5677,business,387.22253
5678,business,371.65924
5679,mixed/suburban,527.24243
5680,mixed/suburban,336.61224
5681,business,195.19598
5682,business,193.13884
5683,business,191.81926
5697,business,234.72058
5698,mixed/suburban,344.78735
5699,mixed/suburban,344.8209
5700,mixed/suburban,342.3493
5725,mixed/suburban-2,303.3556
5736,mixed/suburban-2,268.61588
5737,mixed/suburban-2,399.4186
5739,mixed/suburban-2,217.31845
5740,mixed/suburban-2,264.8871
5743,business,1465.3458
5744,business-2,1915.1769
5745,business,1877.4613
5746,mixed/suburban,1374.0687
5747,business,718.86426
5748,business,477.24442
5749,business,480.22018
5750,mixed/suburban,1537.5664
5751,mixed/suburban,1943.075
5752,business,2826.2998
5753,mixed/suburban,2566.2688
5754,mixed/suburban,2529.128
5755,mixed/suburban,1624.3691
5756,mixed/suburban,1732.0679
5757,mixed/suburban,2902.1875
5758,mixed/suburban,4738.43
5759,mixed/suburban,2338.4087
5760,business,2168.4226
5761,business,2293.8955
5762,business,2089.3372
5763,business,795.04034
5764,mixed/suburban,991.7463
5765,mixed/suburban,3124.9927
5766,business,2968.735
5767,mixed/suburban,2564.3398
5768,mixed/suburban-2,1988.3236
5769,mixed/suburban-2,2578.281
5770,mixed/suburban-2,2449.5083
5771,mixed/suburban-2,1723.4348
5772,business-2,2435.2273
5773,business-2,2172.0398
5774,business-2,761.7092
5775,business-2,507.77292
5776,business-2,436.3296
5777,business,410.65802
5778,business,545.2363
5779,mixed/suburban,579.5502
5780,mixed/suburban-2,460.10516
5781,mixed/suburban,225.98276
5782,business,195.19598
5783,business,192.3371
5793,business,191.67833
5794,business,229.46686
5795,business,190.37509
5796,business,190.37509
5797,business,216.92561
5798,business,317.20505
5799,mixed/suburban,344.90158
5800,mixed/suburban,326.98254
5843,business,748.966
5844,business,1540.7358
5845,business,1602.088
5846,business,1010.4069
5847,business,801.0585
5848,business-2,451.5164
5849,business,561.0609
5850,mixed/suburban,1559.2635
5851,mixed/suburban,1880.4879
5852,mixed/suburban,1886.6593
5853,mixed/suburban,2390.9534
5854,mixed/suburban,3842.0144
5855,mixed/suburban,2939.9001
5856,mixed/suburban,3571.705
5857,mixed/suburban,5474.1357
5858,mixed/suburban,3157.7324
5859,mixed/suburban,2631.7134
5860,business,2631.1804
5861,business,3041.7708
5862,business,3003.5195
5863,business,1450.2393
5864,business,972.2453
5865,business,2026.7493
5866,business,2753.628
5867,mixed/suburban,2771.7583
5868,mixed/suburban-2,2717.4092
5869,mixed/suburban-2,2147.9377
5870,mixed/suburban-2,2055.4878
5871,mixed/suburban,1791.2974
5872,business-2,2280.074
5873,business-2,1982.5836
5874,business-2,649.3349
5875,business,610.48083
5876,mixed/suburban,698.43933
5877,business,839.82544
5878,business,772.76227
5879,mixed/suburban,494.95093
5880,mixed/suburban-2,487.73035
5881,mixed/suburban,292.69553
5895,business,190.37509
5896,business,190.37509
5897,business,190.37509
5898,business,200.06938
5899,business,331.6594
5900,business,229.82362
5943,mixed/suburban,353.6906
5944,mixed/suburban,400.80527
5945,mixed/suburban,1165.9076
5946,mixed/suburban,1194.734
5947,business,1019.9511
5948,mixed/suburban,1008.0145
5949,business,1444.8807
5950,mixed/suburban,1919.4341
5951,business,2580.1562
5952,mixed/suburban,2378.3936
5953,mixed/suburban-2,2446.3767
5954,mixed/suburban-2,3831.6135
5955,mixed/suburban,3666.5518
5956,mixed/suburban,2917.1323
5957,mixed/suburban-2,4627.3057
5958,business,3211.7285
5959,mixed/suburban,3978.2708
5960,business,2522.34
5961,business-2,1750.2698
5962,business-2,2667.7332
5963,business,3517.4973
5964,business,3698.5151
5965,business,4158.3164
5966,mixed/suburban,3018.1758
5967,mixed/suburban,4022.4304
5968,mixed/suburban,3436.5476
5969,mixed/suburban,2494.4734
5970,mixed/suburban-2,2221.693
5971,mixed/suburban,2049.8726
5972,mixed/suburban,1220.8423
5973,mixed/suburban,737.021
5974,mixed/suburban,668.14026
5975,mixed/suburban,732.57324
5976,mixed/suburban,652.2395
5977,mixed/suburban,885.8933
5978,business,840.80206
5979,business,349.75137
5980,business,310.20535
5981,business,277.68475
5982,business,223.44101
5995,business,206.7725
5996,business,195.16444
5997,business,190.6414
5998,business,258.66885
5999,business,311.8939
6000,business,302.3108
6042,mixed/suburban,187.14505
6043,mixed/suburban,359.47418
6044,business,637.3141
6045,business,968.8725
6046,business,913.1183
6047,business-2,999.90674
6048,mixed/suburban,1075.1118
6049,mixed/suburban,1943.712
6050,mixed/suburban-2,2520.9153
6051,mixed/suburban-2,2426.341
6052,mixed/suburban,1601.3689
6053,mixed/suburban,1848.9674
6054,mixed/suburban,1333.6416
6055,mixed/suburban,1030.7612
6056,mixed/suburban,1355.774
6057,mixed/suburban,1715.4496
6058,business,5335.4854
6059,business-2,3351.0042
6060,business-2,2175.1392
6061,business-2,1452.0527
6062,business-2,1876.7906
6063,business-2,3514.34
6064,business-2,5830.2036
6065,business,4508.429
6066,mixed/suburban,3572.0667
6067,mixed/suburban,3796.8125
6068,mixed/suburban,3539.7493
6069,mixed/suburban,3015.3206
6070,mixed/suburban-2,2219.742
6071,mixed/suburban,1448.3492
6072,mixed/suburban,2169.1562
6073,mixed/suburban-2,1899.8215
6074,mixed/suburban-2,979.0607
6075,mixed/suburban,797.30774
6076,mixed/suburban,702.1754
6077,mixed/suburban,1226.6146
6078,mixed/suburban,1007.73975
6079,business,293.13663
6080,business,293.0585
6081,business,293.04785
6082,business,247.86475
6095,business,252.4979
6096,business,270.89893
6097,business,262.55234
6098,business,311.12515
6099,business,311.8939
6100,business,311.8939
6143,business,412.5073
6144,business,936.5835
6145,business,958.0926
6146,business,1026.1329
6147,business,926.18945
6148,mixed/suburban,2205.0667
6149,mixed/suburban-2,2245.0754
6150,mixed/suburban-2,1684.8679
6151,mixed/suburban-2,2459.5618
6152,mixed/suburban,1372.1844
6153,mixed/suburban-2,1045.2655
6154,mixed/suburban,594.6896
6155,mixed/suburban,741.29395
6156,business,1315.5499
6157,business,1672.6448
6158,business,2923.7876
6159,mixed/suburban,1867.0813
6160,mixed/suburban,1406.8635
6161,business-2,1411.3309
6162,business-2,2433.0923
6163,business-2,2107.8042
6164,business-2,3762.922
6165,business,4290.5845
6166,business,2697.0256
6167,mixed/suburban,2211.7239
6168,business,2536.5713
6169,mixed/suburban,4724.299
6170,mixed/suburban,1967.3514
6171,mixed/suburban,1422.1893
6172,mixed/suburban,608.5992
6173,mixed/suburban-2,636.32007
6174,mixed/suburban-2,947.76276
6175,mixed/suburban,1095.0571
6176,mixed/suburban,1250.6001
6177,mixed/suburban,1394.6155
6178,mixed/suburban,1170.3871
6179,mixed/suburban,375.551
6180,mixed/suburban,256.63135
6181,mixed/suburban,192.33812
6184,mixed/suburban,188.05624
6185,mixed/suburban,201.402
6186,mixed/suburban,197.23752
6187,mixed/suburban,196.73944
6193,business,218.32965
6194,business,279.2592
6195,business,270.8978
6196,business,271.00995
6197,business,271.00995
6198,business,304.37802
6199,business,311.8939
6200,business,308.54272
6217,business,264.4579
6218,business,370.9102
6219,business,325.46124
6243,business,271.26022
6244,business,603.86914
6245,business,1291.3634
6246,mixed/suburban,1460.2759
6247,mixed/suburban,1460.6831
6248,mixed/suburban,1858.9541
6249,mixed/suburban,1789.4563
6250,mixed/suburban-2,1685.4062
6251,mixed/suburban-2,1999.4188
6252,mixed/suburban-2,1801.4651
6253,mixed/suburban-2,1106.8861
6254,mixed/suburban,568.25464
6255,mixed/suburban,535.4899
6256,business,610.9239
6257,business,1039.6265
6258,business,1336.1049
6259,mixed/suburban-2,1407.057
6260,mixed/suburban-2,4258.095
6261,business-2,2612.9348
6262,business-2,1728.0197
6263,business-2,1678.8466
6264,business,3078.9795
6265,business,2643.1072
6266,mixed/suburban,1760.5228
6267,business,1952.4856
6268,mixed/suburban,3323.1626
6269,mixed/suburban,3179.761
6270,mixed/suburban,1996.792
6271,mixed/suburban,1622.874
6272,mixed/suburban,1300.9303
6273,mixed/suburban-2,924.5867
6274,mixed/suburban-2,2240.4043
6275,mixed/suburban,1425.0956
6276,mixed/suburban,1337.5707
6277,mixed/suburban,1360.578
6278,mixed/suburban-2,1177.4292
6279,mixed/suburban,996.39886
6280,mixed/suburban,187.12454
6284,mixed/suburban,212.54047
6285,mixed/suburban,215.29196
6286,mixed/suburban,205.15369
6287,mixed/suburban,198.32393
6292,mixed/suburban,208.86444
6293,mixed/suburban,365.90088
6294,mixed/suburban,314.93362
6295,business,313.08517
6296,mixed/suburban,409.12643
6297,mixed/suburban,501.15146
6298,mixed/suburban,439.18808
6299,business,232.85744
6300,business,273.63223
6317,business,361.63058
6318,business,391.33932
6319,business,334.74893
6343,business,225.44308
6344,mixed/suburban,564.1761
6345,business,2727.554
6346,mixed/suburban,1474.6853
6347,mixed/suburban,1470.0853
6348,mixed/suburban,1289.2399
6349,mixed/suburban,1174.4624
6350,mixed/suburban-2,1537.4187
6351,mixed/suburban-2,1842.2897
6352,mixed/suburban-2,2168.6519
6353,mixed/suburban-2,1305.5333
6354,mixed/suburban,664.12714
6355,mixed/suburban,620.1634
6356,business,510.69238
6357,business,603.8123
6358,business,2136.261
6359,mixed/suburban-2,1728.0209
6360,mixed/suburban,2177.3499
6361,business,1739.2195
6362,business,1189.2043
6363,mixed/suburban,1110.5535
6364,mixed/suburban,1885.6383
6365,mixed/suburban,1076.4227
6366,mixed/suburban,782.7009
6367,mixed/suburban,1140.4691
6368,mixed/suburban,2291.5085
6369,mixed/suburban-2,1891.1942
6370,mixed/suburban,2140.3823
6371,mixed/suburban,2732.2693
6372,mixed/suburban-2,2350.5955
6373,mixed/suburban-2,963.43616
6374,business,2480.0413
6375,business,2409.548
6376,mixed/suburban,1249.1307
6377,mixed/suburban,1042.4579
6378,mixed/suburban,733.29016
6379,mixed/suburban,573.73346
6380,mixed/suburban,256.39923
6381,mixed/suburban,191.5084
6384,mixed/suburban,211.5465
6385,mixed/suburban,216.91167
6386,mixed/suburban,216.91167
6387,mixed/suburban,215.98962
6392,mixed/suburban,315.53397
6393,mixed/suburban-2,375.07007
6394,mixed/suburban,383.56198
6395,mixed/suburban-2,698.0381
6396,mixed/suburban-2,785.1141
6397,mixed/suburban-2,777.57806
6398,mixed/suburban,454.98663
6417,business,241.31255
6418,business,344.58798
6419,business,223.41579
6444,mixed/suburban,700.1193
6445,mixed/suburban,1707.4875
6446,mixed/suburban-2,1637.509
6447,mixed/suburban-2,1531.2744
6448,mixed/suburban-2,1434.5562
6449,mixed/suburban,1083.8888
6450,mixed/suburban,1303.6732
6451,mixed/suburban-2,1692.4762
6452,mixed/suburban,1893.0795
6453,mixed/suburban,1450.9276
6454,mixed/suburban,595.59546
6455,mixed/suburban,444.41583
6456,business,910.7951
6457,business,1505.9553
6458,business,1510.0995
6459,mixed/suburban,1573.6285
6460,mixed/suburban,2685.5632
6461,mixed/suburban,1757.5004
6462,mixed/suburban,1200.3159
6463,mixed/suburban,942.7463
6464,mixed/suburban,1152.061
6465,mixed/suburban-2,618.66785
6466,mixed/suburban,340.068
6467,mixed/suburban-2,599.1607
6468,mixed/suburban-2,1390.7794
6469,mixed/suburban-2,1457.0901
6470,mixed/suburban-2,1353.7822
6471,mixed/suburban-2,1698.9584
6472,mixed/suburban-2,1125.5618
6473,mixed/suburban-2,1073.8896
6474,mixed/suburban,1514.3445
6475,business,1285.1017
6476,business,999.66736
6477,business,456.12576
6478,mixed/suburban,470.91495
6479,mixed/suburban,431.47287
6480,mixed/suburban,224.93816
6481,mixed/suburban,191.58917
6483,mixed/suburban,232.55139
6484,mixed/suburban,235.07541
6485,mixed/suburban,249.84885
6486,mixed/suburban,221.8284
6487,mixed/suburban,216.52695
6492,mixed/suburban,317.4126
6493,mixed/suburban-2,375.07007
6494,mixed/suburban-2,375.1675
6495,mixed/suburban-2,687.77625
6496,mixed/suburban-2,784.6917
6497,mixed/suburban-2,685.75867
6533,mixed/suburban,277.8417
6545,mixed/suburban-2,920.75543
6546,mixed/suburban-2,1381.1227
6547,mixed/suburban-2,1595.4143
6548,mixed/suburban-2,1154.8765
6549,mixed/suburban,900.8072
6550,mixed/suburban,1094.6885
6551,mixed/suburban,976.8415
6552,mixed/suburban,1027.8485
6553,business,903.3429
6554,mixed/suburban,364.57285
6555,business,311.01328
6556,business,739.5868
6557,business,1592.1776
6558,business,1261.6418
6559,mixed/suburban,903.8491
6560,mixed/suburban,2102.4927
6561,mixed/suburban,1431.1785
6562,mixed/suburban,1176.5911
6563,mixed/suburban,906.42145
6564,mixed/suburban-2,1359.0457
6565,mixed/suburban-2,2141.8696
6566,mixed/suburban-2,1177.894
6567,mixed/suburban-2,1068.2368
6568,mixed/suburban-2,1315.706
6569,mixed/suburban-2,1283.539
6570,mixed/suburban-2,1269.2223
6571,mixed/suburban-2,1271.5984
6572,mixed/suburban-2,914.42255
6573,mixed/suburban,1127.5316
6574,mixed/suburban,2008.2968
6575,business,1184.2972
6576,business,837.1605
6577,mixed/suburban,775.669
6578,mixed/suburban,1096.4885
6579,mixed/suburban,809.9494
6580,mixed/suburban,219.55995
6583,mixed/suburban,226.98567
6584,mixed/suburban,246.87172
6585,mixed/suburban,350.18826
6586,mixed/suburban,352.54767
6587,mixed/suburban,246.83174
6592,mixed/suburban-2,339.16895
6593,mixed/suburban-2,374.83594
6594,mixed/suburban-2,375.07343
6595,mixed/suburban,474.5077
6596,mixed/suburban,425.66202
6597,business,297.79724
6634,business-2,290.81598
6635,business-2,221.62222
6638,business,193.91138
6639,business,193.95866
6645,mixed/suburban-2,942.86676
6646,mixed/suburban-2,1181.7878
6647,mixed/suburban-2,1556.7236
6648,mixed/suburban-2,477.58417
6649,mixed/suburban,433.85278
6650,mixed/suburban,722.0863
6651,mixed/suburban,664.6726
6652,business,941.8147
6653,business,886.36475
6654,mixed/suburban,476.12302
6655,mixed/suburban,332.66974
6656,mixed/suburban,919.04553
6657,mixed/suburban,1369.7148
6658,business,1204.7969
6659,mixed/suburban,911.5442
6660,mixed/suburban,571.1777
6661,mixed/suburban,585.06067
6662,mixed/suburban-2,1559.3651
6663,mixed/suburban-2,1377.2836
6664,mixed/suburban-2,1485.3008
6665,mixed/suburban-2,1678.0111
6666,mixed/suburban-2,860.62146
6667,mixed/suburban-2,1151.1334
6668,mixed/suburban-2,1033.13
6669,mixed/suburban-2,793.5337
6670,mixed/suburban-2,1144.5187
6671,mixed/suburban-2,1897.9738
6672,mixed/suburban-2,1933.8776
6673,business,1894.908
6674,mixed/suburban,2793.002
6675,mixed/suburban,2062.845
6676,business,652.8627
6677,business,553.61115
6678,business,553.4672
6679,business,706.5281
6680,business,279.57498
6683,business,195.04544
6684,business,221.30138
6685,mixed/suburban,275.72955
6686,mixed/suburban,349.79517
6687,mixed/suburban,288.2923
6691,mixed/suburban-2,276.9865
6692,mixed/suburban-2,285.9925
6693,mixed/suburban-2,318.9739
6694,mixed/suburban-2,499.17145
6695,mixed/suburban-2,624.82544
6696,mixed/suburban,326.6874
6697,business,259.10773
6698,business,259.39645
6706,mixed/suburban,197.11626
6707,mixed/suburban,194.98607
6738,business,193.45752
6744,mixed/suburban,223.2528
6745,mixed/suburban-2,791.0541
6746,mixed/suburban-2,888.7262
6747,mixed/suburban-2,1298.0607
6748,mixed/suburban,464.01694
6749,business,613.6941
6750,business,917.8688
6751,mixed/suburban,1062.524
6752,mixed/suburban,1198.541
6753,mixed/suburban,1432.4382
6754,mixed/suburban-2,920.08887
6755,mixed/suburban-2,562.4139
6756,mixed/suburban,1105.883
6757,mixed/suburban,1348.3519
6758,business,1240.3552
6759,mixed/suburban,1010.35
6760,mixed/suburban,779.6223
6761,mixed/suburban-2,965.231
6762,mixed/suburban-2,1897.1492
6763,mixed/suburban-2,1485.0594
6764,mixed/suburban-2,1405.3835
6765,mixed/suburban-2,640.6846
6766,mixed/suburban-2,429.554
6767,mixed/suburban-2,456.5625
6768,mixed/suburban-2,717.4967
6769,mixed/suburban-2,701.9513
6770,mixed/suburban-2,1042.4834
6771,mixed/suburban-2,1601.8246
6772,mixed/suburban,2390.3247
6773,business,1649.3115
6774,mixed/suburban,1395.8896
6775,mixed/suburban,1051.7365
6776,business,555.8209
6777,business,553.4672
6778,business,553.4672
6779,business,586.9792
6780,mixed/suburban,436.81516
6784,business,213.92392
6785,business,276.9117
6786,business,289.97067
6787,business,323.72565
6791,mixed/suburban-2,285.85397
6792,mixed/suburban-2,285.85397
6793,mixed/suburban-2,286.16855
6794,mixed/suburban-2,709.80475
6795,mixed/suburban-2,768.1339
6796,mixed/suburban-2,537.3147
6806,mixed/suburban,230.7828
6807,mixed/suburban,284.99365
6826,business,215.99928
6827,business,214.4486
6845,mixed/suburban-2,668.3465
6846,mixed/suburban-2,649.95734
6847,business,632.4524
6848,business-2,650.6876
6849,business-2,1094.2238
6850,business-2,1138.5087
6851,mixed/suburban,1403.417
6852,mixed/suburban-2,1179.9218
6853,mixed/suburban-2,1465.0869
6854,mixed/suburban-2,790.48035
6855,mixed/suburban-2,704.9116
6856,mixed/suburban-2,987.39056
6857,business,1225.614
6858,business,1266.5969
6859,business,718.2646
6860,mixed/suburban,689.1098
6861,mixed/suburban,758.92163
6862,mixed/suburban,964.1102
6863,mixed/suburban,1005.04083
6864,mixed/suburban-2,947.783
6865,mixed/suburban-2,593.97473
6866,mixed/suburban-2,641.3512
6867,mixed/suburban-2,713.1103
6868,mixed/suburban-2,753.2172
6869,mixed/suburban-2,843.60785
6870,mixed/suburban-2,1107.8308
6871,mixed/suburban-2,1505.9666
6872,mixed/suburban-2,1568.795
6873,mixed/suburban,1557.2688
6874,mixed/suburban,1408.001
6875,mixed/suburban,1245.5295
6876,mixed/suburban,933.3435
6877,business,649.2928
6878,business,629.76324
6879,mixed/suburban,496.4487
6880,mixed/suburban-2,435.06232
6881,mixed/suburban,227.38428
6884,business,215.39616
6885,business-2,505.59433
6886,business-2,242.5479
6887,business-2,246.4881
6891,mixed/suburban-2,285.8487
6892,mixed/suburban-2,285.85397
6893,mixed/suburban-2,314.5663
6894,mixed/suburban-2,747.03613
6895,mixed/suburban-2,768.1339
6896,mixed/suburban-2,584.08215
6905,mixed/suburban,269.56232
6906,mixed/suburban,311.14978
6907,mixed/suburban,280.04926
6926,mixed/suburban,345.74316
6927,business,283.38205
6928,business,226.7848
6939,mixed/suburban,199.9345
6944,mixed/suburban-2,591.87256
6945,mixed/suburban-2,697.69556
6946,mixed/suburban,614.6061
6947,business,516.7899
6948,business-2,519.63007
6949,business-2,750.3934
6950,business-2,1047.1587
6951,business-2,1354.4615
6952,business-2,1251.1912
6953,business,1039.4113
6954,mixed/suburban-2,746.1332
6955,mixed/suburban-2,777.2201
6956,mixed/suburban-2,1028.4808
6957,mixed/suburban,812.96497
6958,business,1086.2518
6959,mixed/suburban,821.3639
6960,mixed/suburban,698.39215
6961,mixed/suburban-2,979.6218
6962,mixed/suburban,876.4532
6963,mixed/suburban,887.16833
6964,mixed/suburban,615.80334
6965,mixed/suburban,574.7837
6966,mixed/suburban-2,753.86224
6967,mixed/suburban-2,805.44934
6968,mixed/suburban-2,913.51526
6969,mixed/suburban,1015.282
6970,mixed/suburban-2,1019.3371
6971,mixed/suburban-2,1106.7335
6972,mixed/suburban-2,1248.52
6973,mixed/suburban-2,1027.5664
6974,mixed/suburban-2,639.4832
6975,mixed/suburban-2,1042.9777
6976,mixed/suburban,1174.4745
6977,mixed/suburban-2,927.52435
6978,mixed/suburban-2,736.8616
6979,mixed/suburban-2,439.1442
6980,mixed/suburban,464.9706
6981,business,455.8988
6984,business-2,196.51358
6985,business-2,308.39862
6986,business-2,294.59924
6987,business-2,193.28992
6991,mixed/suburban-2,204.60854
6992,mixed/suburban-2,230.69783
6993,mixed/suburban-2,238.60646
6994,mixed/suburban-2,441.74097
6995,mixed/suburban,432.84222
6996,business,233.4485
6997,business,207.2885
6998,business,188.88399
7004,mixed/suburban,297.48517
7005,mixed/suburban,311.278
7006,mixed/suburban,309.25543
7007,mixed/suburban,244.83661
7024,mixed/suburban,277.4807
7025,mixed/suburban-2,445.09732
7026,mixed/suburban-2,518.7087
7027,mixed/suburban,484.4224
7028,business-2,288.7812
7029,business-2,290.3892
7030,business,236.99799
7038,mixed/suburban,339.8984
7039,mixed/suburban,511.98663
7040,mixed/suburban,546.1033
7041,mixed/suburban,587.0232
7042,mixed/suburban,485.6418
7043,mixed/suburban,494.41205
7044,mixed/suburban,568.0167
7045,mixed/suburban-2,692.60767
7046,mixed/suburban-2,705.9879
7047,business,514.6127
7048,business-2,325.24786
7049,business-2,331.91013
7050,business,671.75397
7051,business-2,904.2478
7052,business-2,1413.9268
7053,business-2,824.29144
7054,mixed/suburban,518.4022
7055,mixed/suburban-2,798.57416
7056,mixed/suburban-2,1050.1871
7057,mixed/suburban,658.2464
7058,mixed/suburban,879.94556
7059,mixed/suburban,947.4098
7060,mixed/suburban,803.533
7061,mixed/suburban-2,1111.7249
7062,mixed/suburban-2,1135.325
7063,mixed/suburban-2,1351.1938
7064,mixed/suburban-2,1709.5443
7065,mixed/suburban,1262.0311
7066,mixed/suburban,1558.041
7067,mixed/suburban,1036.7095
7068,mixed/suburban,793.4611
7069,mixed/suburban,835.646
7070,mixed/suburban-2,615.2155
7071,mixed/suburban-2,887.10736
7072,mixed/suburban-2,1018.19916
7073,mixed/suburban-2,827.87805
7074,mixed/suburban-2,583.59247
7075,mixed/suburban-2,668.8596
7076,mixed/suburban-2,841.0052
7077,mixed/suburban-2,894.22327
7078,mixed/suburban-2,736.4349
7079,mixed/suburban-2,439.1442
7080,mixed/suburban,521.39325
7081,business-2,634.4716
7084,business-2,386.8309
7085,business-2,663.40656
7086,business-2,599.06586
7087,business-2,195.18071
7089,mixed/suburban,219.88087
7090,mixed/suburban,227.8427
7091,mixed/suburban-2,216.86171
7092,mixed/suburban-2,213.98047
7093,mixed/suburban-2,206.827
7094,mixed/suburban,214.34872
7095,business,210.17087
7096,business,210.17087
7097,business,210.17087
7098,business,210.17087
7099,business,203.55087
7103,mixed/suburban,233.10707
7104,mixed/suburban,311.278
7105,mixed/suburban,311.278
7106,mixed/suburban,308.70874
7123,mixed/suburban,266.0816
7124,mixed/suburban,277.54544
7125,mixed/suburban-2,427.6915
7126,mixed/suburban-2,518.7087
7127,mixed/suburban-2,506.69116
7128,business-2,288.7812
7129,business-2,288.9914
7130,business-2,289.88852
7131,business,297.6796
7138,mixed/suburban,496.43494
7139,mixed/suburban,505.05536
7140,mixed/suburban,545.68134
7141,business,553.7723
7142,mixed/suburban,567.34125
7143,mixed/suburban-2,567.30176
7144,mixed/suburban,514.2145
7145,mixed/suburban-2,559.07916
7146,mixed/suburban-2,474.03763
7147,mixed/suburban,330.30527
7152,business-2,518.4769
7153,business-2,408.4762
7154,mixed/suburban,681.88586
7155,mixed/suburban-2,1062.7649
7156,mixed/suburban-2,735.0201
7157,mixed/suburban-2,602.9914
7158,business,605.0018
7159,business,726.6136
7160,business,521.32385
7161,mixed/suburban,529.47296
7162,mixed/suburban-2,639.94226
7163,mixed/suburban-2,2101.4766
7164,mixed/suburban-2,2563.9912
7165,mixed/suburban,1279.299
7166,mixed/suburban,1421.0157
7167,business,795.538
7168,business-2,419.94162
7169,business,406.59784
7170,mixed/suburban,373.9605
7171,mixed/suburban,506.94833
7172,mixed/suburban-2,696.9509
7173,mixed/suburban-2,888.85956
7174,mixed/suburban-2,524.1592
7175,mixed/suburban-2,571.69775
7176,mixed/suburban-2,728.89557
7177,mixed/suburban-2,582.52997
7178,mixed/suburban-2,319.2773
7179,mixed/suburban-2,335.11877
7180,mixed/suburban-2,463.51596
7181,mixed/suburban,279.08203
7182,business,191.98567
7183,business,187.4556
7184,business-2,242.98433
7185,business-2,289.9849
7186,business-2,332.88586
7189,mixed/suburban,219.99687
7190,mixed/suburban,226.28473
7191,mixed/suburban-2,214.06898
7192,mixed/suburban-2,213.98047
7193,mixed/suburban-2,210.74635
7194,mixed/suburban,224.15024
7195,business,218.64398
7196,business,210.17087
7197,business,210.17087
7198,business,210.17087
7199,business,202.26237
7202,mixed/suburban,214.0276
7203,mixed/suburban,258.6108
7204,mixed/suburban,303.13284
7205,mixed/suburban,310.32724
7206,mixed/suburban,276.73254
7211,mixed/suburban,241.18443
7223,mixed/suburban,322.14127
7224,mixed/suburban,356.98724
7225,mixed/suburban-2,423.34198
7226,mixed/suburban,517.81635
7227,mixed/suburban,517.6375
7228,business,352.5566
7229,business,271.2068
7230,business-2,241.32181
7236,business,202.83778
7237,business,279.50314
7238,business,381.47842
7239,mixed/suburban,656.52454
7240,mixed/suburban,966.5641
7241,mixed/suburban,701.99615
7242,mixed/suburban-2,592.29346
7243,mixed/suburban-2,587.1164
7244,mixed/suburban,518.9922
7245,mixed/suburban-2,322.95316
7246,mixed/suburban-2,275.901
7247,mixed/suburban-2,219.17729
7249,business,203.99312
7250,business-2,345.28836
7252,business-2,274.7142
7253,business-2,475.24915
7254,mixed/suburban-2,971.25336
7255,mixed/suburban-2,1168.6669
7256,mixed/suburban-2,367.86804
7257,mixed/suburban-2,540.15375
7258,business-2,475.1276
7259,business-2,445.28177
7260,business-2,336.11475
7261,mixed/suburban,247.50241
7262,mixed/suburban,231.67427
7263,mixed/suburban-2,964.5134
7264,mixed/suburban-2,1033.7014
7265,business,426.54956
7266,business,413.4617
7267,business-2,426.61484
7268,business-2,426.3407
7269,business,513.07477
7270,mixed/suburban,785.3726
7271,mixed/suburban-2,1482.5067
7272,mixed/suburban-2,1177.5223
7273,mixed/suburban-2,474.36276
7274,mixed/suburban-2,295.35138
7275,mixed/suburban,291.98962
7276,mixed/suburban-2,243.94392
7277,mixed/suburban-2,205.39487
7278,mixed/suburban-2,241.50877
7279,mixed/suburban-2,320.9875
7280,mixed/suburban-2,273.17453
7282,mixed/suburban,194.65161
7283,business,216.82372
7284,business-2,693.51385
7285,business-2,314.91653
7286,business-2,235.26622
7287,business-2,244.72914
7288,mixed/suburban,228.18901
7289,mixed/suburban,228.18901
7290,mixed/suburban,227.20448
7291,mixed/suburban-2,213.98047
7292,mixed/suburban-2,213.98047
7293,mixed/suburban-2,213.1655
7294,mixed/suburban-2,241.59363
7302,mixed/suburban-2,186.87935
7304,mixed/suburban-2,190.86064
7305,mixed/suburban,268.46088
7306,mixed/suburban-2,385.43732
7307,mixed/suburban,252.97527
7310,mixed/suburban,192.84323
7311,mixed/suburban,225.73466
7317,mixed/suburban,283.86115
7318,mixed/suburban,270.65353
7319,mixed/suburban,212.083
7323,mixed/suburban,261.07202
7324,mixed/suburban-2,412.41583
7325,mixed/suburban-2,439.6449
7326,mixed/suburban,491.07333
7327,mixed/suburban,490.01385
7328,business,335.81778
7329,business,214.47292
7336,business,261.91287
7337,business,263.10025
7338,business,327.62518
7339,mixed/suburban,723.3207
7340,mixed/suburban,712.08386
7341,mixed/suburban,564.60406
7342,mixed/suburban-2,650.7259
7343,mixed/suburban-2,761.4553
7344,mixed/suburban-2,651.7727
7345,mixed/suburban-2,294.21185
7346,mixed/suburban-2,277.12402
7347,mixed/suburban-2,190.45135
7349,mixed/suburban-2,280.6934
7350,mixed/suburban,323.75027
7353,mixed/suburban,519.206
7354,mixed/suburban-2,810.4484
7355,mixed/suburban-2,494.90778
7356,mixed/suburban-2,316.97357
7357,mixed/suburban,272.49738
7358,business,526.3631
7359,business-2,320.384
7360,business,270.22308
7361,mixed/suburban,256.58112
7362,mixed/suburban,229.2485
7363,mixed/suburban,233.34521
7364,mixed/suburban,391.1865
7365,business,402.82083
7366,business-2,610.2979
7367,business-2,550.7133
7368,business-2,441.50192
7369,business,815.80786
7370,mixed/suburban,926.8739
7371,mixed/suburban,1356.8649
7372,mixed/suburban-2,1404.1606
7373,mixed/suburban-2,372.63693
7374,mixed/suburban-2,214.04884
7377,mixed/suburban-2,208.92162
7378,mixed/suburban-2,245.85342
7379,mixed/suburban-2,308.54407
7380,mixed/suburban-2,199.57892
7383,mixed/suburban,210.02853
7384,business-2,443.71295
7385,business-2,352.505
7386,business,198.84402
7387,business,217.23532
7388,mixed/suburban,287.99133
7389,mixed/suburban-2,594.1573
7390,mixed/suburban-2,775.3259
7391,mixed/suburban-2,643.9242
7392,mixed/suburban-2,455.4825
7393,mixed/suburban-2,509.34433
7394,mixed/suburban,360.12723
7404,mixed/suburban-2,187.79312
7405,mixed/suburban-2,202.26306
7406,mixed/suburban-2,336.0727
7407,mixed/suburban-2,303.0946
7411,mixed/suburban,259.42603
7412,mixed/suburban,256.4315
7413,mixed/suburban,276.8806
7416,mixed/suburban,271.5778
7417,mixed/suburban,313.1306
7418,mixed/suburban,289.12555
7423,mixed/suburban,248.1264
7424,mixed/suburban,578.9133
7425,mixed/suburban,478.53925
7426,mixed/suburban,429.81573
7427,business,231.85329
7436,business,263.6571
7437,business,266.9949
7438,business,267.1544
7439,mixed/suburban,500.68762
7440,mixed/suburban,561.75757
7441,mixed/suburban,556.69324
7442,mixed/suburban-2,747.68726
7443,mixed/suburban-2,862.75574
7444,mixed/suburban-2,685.162
7445,mixed/suburban-2,399.25256
7446,mixed/suburban-2,293.73825
7447,mixed/suburban-2,274.96588
7448,mixed/suburban-2,266.6531
7449,mixed/suburban-2,326.92905
7450,mixed/suburban-2,304.66602
7453,mixed/suburban-2,608.928
7454,mixed/suburban-2,1036.512
7455,mixed/suburban-2,485.99622
7456,mixed/suburban-2,213.27975
7457,mixed/suburban-2,245.48634
7458,mixed/suburban,246.74126
7459,mixed/suburban,250.3572
7460,mixed/suburban,453.98135
7461,mixed/suburban-2,383.98547
7462,mixed/suburban-2,234.69398
7463,mixed/suburban-2,215.43126
7464,mixed/suburban,235.68324
7465,business-2,548.7259
7466,business-2,824.298
7467,business-2,866.7243
7468,business,1112.6399
7469,business,939.7386
7470,mixed/suburban,910.3862
7471,mixed/suburban,1254.7429
7472,mixed/suburban,1268.627
7473,mixed/suburban,379.04166
7474,mixed/suburban,282.25095
7477,mixed/suburban-2,197.64407
7478,mixed/suburban-2,233.96935
7479,mixed/suburban-2,261.59198
7480,mixed/suburban-2,222.63077
7482,mixed/suburban,194.06206
7483,mixed/suburban,211.64767
7484,mixed/suburban,211.63159
7485,business,210.35518
7486,business,205.04352
7487,mixed/suburban,294.58405
7488,mixed/suburban,364.9123
7489,mixed/suburban-2,771.8754
7490,mixed/suburban-2,858.18274
7491,mixed/suburban-2,858.18274
7492,mixed/suburban-2,721.75134
7493,mixed/suburban-2,537.55115
7494,mixed/suburban,360.4864
7503,mixed/suburban-2,188.76071
7504,mixed/suburban-2,188.76071
7511,mixed/suburban,252.04303
7512,mixed/suburban,244.14293
7513,mixed/suburban,244.18727
7517,mixed/suburban,302.98563
7518,mixed/suburban,213.14403
7521,business,222.72192
7522,business,234.05528
7523,business,944.1
7524,business,1204.9988
7525,business-2,572.8677
7526,business-2,308.23135
7535,business,209.64134
7536,business,277.60004
7537,business,272.36237
7538,business,316.11646
7539,mixed/suburban,477.1749
7540,mixed/suburban-2,522.01514
7541,mixed/suburban-2,517.2331
7542,mixed/suburban-2,567.01245
7543,mixed/suburban-2,729.8197
7544,mixed/suburban-2,629.3053
7545,mixed/suburban-2,483.87354
7546,mixed/suburban-2,383.10886
7547,mixed/suburban-2,302.13483
7548,mixed/suburban-2,301.02917
7549,mixed/suburban-2,318.84732
7550,mixed/suburban-2,304.71402
7551,mixed/suburban-2,568.9183
7552,mixed/suburban-2,570.6107
7553,mixed/suburban-2,744.6853
7554,mixed/suburban-2,934.2453
7555,mixed/suburban-2,777.67615
7556,mixed/suburban-2,534.2164
7557,mixed/suburban-2,445.85022
7558,mixed/suburban,249.96965
7559,mixed/suburban-2,300.17136
7560,mixed/suburban-2,368.8184
7561,mixed/suburban-2,398.42767
7562,mixed/suburban-2,304.0898
7563,mixed/suburban-2,215.90105
7564,mixed/suburban-2,215.08408
7565,business-2,477.17273
7566,business-2,749.00244
7567,business-2,950.61224
7568,business-2,1263.6602
7569,business-2,1155.5135
7570,business,931.7391
7571,business,875.8574
7572,business,608.3438
7573,business,342.5649
7574,business,342.42325
7575,mixed/suburban,234.25163
7576,mixed/suburban,194.71497
7577,mixed/suburban-2,202.64363
7578,mixed/suburban-2,222.23996
7579,mixed/suburban-2,224.56519
7580,mixed/suburban-2,236.7217
7581,mixed/suburban,196.50664
7582,mixed/suburban,211.72159
7583,mixed/suburban,214.60579
7584,mixed/suburban,222.28923
7585,business,209.9785
7586,business,215.73634
7587,mixed/suburban,347.97284
7588,mixed/suburban,354.26685
7589,mixed/suburban-2,516.33325
7590,mixed/suburban-2,828.7703
7591,mixed/suburban-2,842.11475
7592,mixed/suburban-2,685.5638
7593,mixed/suburban-2,610.24774
7594,mixed/suburban,312.66376
7605,mixed/suburban-2,191.28484
7606,mixed/suburban-2,256.94226
7607,mixed/suburban-2,268.47076
7608,mixed/suburban-2,215.14603
7611,mixed/suburban,224.85786
7612,mixed/suburban,244.14293
7613,mixed/suburban,244.18727
7617,mixed/suburban,209.63962
7621,business,217.61034
7622,business-2,381.61996
7623,business-2,597.7256
7624,business-2,605.1129
7625,business-2,544.268
7626,business-2,387.9931
7634,business,196.11475
7635,business,330.08044
7636,business,335.5578
7637,business,329.8675
7638,business,442.76782
7639,mixed/suburban,530.3546
7640,mixed/suburban,517.8845
7641,mixed/suburban-2,509.6323
7642,mixed/suburban-2,435.3231
7643,mixed/suburban-2,563.9399
7644,mixed/suburban-2,673.3619
7645,mixed/suburban,582.9918
7646,business-2,698.21533
7647,business-2,785.7241
7648,mixed/suburban,283.2502
7649,business,244.66478
7650,mixed/suburban,322.8721
7651,mixed/suburban-2,797.6313
7652,mixed/suburban-2,817.16516
7653,mixed/suburban-2,775.5587
7654,mixed/suburban-2,1010.8625
7655,mixed/suburban-2,831.3409
7656,mixed/suburban-2,826.86444
7657,mixed/suburban-2,813.1447
7658,mixed/suburban-2,237.08716
7660,mixed/suburban-2,219.20938
7661,mixed/suburban-2,364.9438
7662,mixed/suburban-2,370.67566
7663,mixed/suburban-2,294.19278
7664,mixed/suburban,242.36023
7665,business,412.98306
7666,business,561.77814
7667,business-2,891.1687
7668,business-2,1233.968
7669,business-2,1108.6017
7670,business,994.3326
7671,business,762.5319
7672,mixed/suburban,519.67694
7673,business,459.82635
7674,business-2,464.3587
7675,business-2,408.83127
7678,mixed/suburban-2,203.42197
7679,mixed/suburban-2,199.97874
7681,mixed/suburban,202.59114
7682,mixed/suburban,246.98746
7683,business,231.24458
7684,business,208.48097
7685,business,197.61014
7686,business,213.25063
7687,mixed/suburban,346.44247
7688,mixed/suburban-2,351.43182
7689,mixed/suburban-2,354.1905
7690,mixed/suburban-2,536.1815
7691,mixed/suburban-2,602.7517
7692,mixed/suburban-2,545.3172
7693,mixed/suburban-2,350.0558
7694,mixed/suburban-2,235.10414
7699,business,187.77756
7700,mixed/suburban-2,198.15843
7704,mixed/suburban,199.74722
7705,mixed/suburban-2,261.76572
7706,mixed/suburban-2,275.58322
7707,mixed/suburban-2,275.58322
7708,mixed/suburban-2,275.90457
7709,mixed/suburban,284.4934
7710,mixed/suburban,219.28957
7712,mixed/suburban,200.84167
7713,mixed/suburban,432.9185
7714,mixed/suburban,508.56995
7715,mixed/suburban,228.34108
7721,business-2,270.5773
7722,business-2,402.11823
7723,business-2,446.82123
7724,business-2,709.3826
7725,business-2,678.3091
7729,business,203.22836
7730,business,222.15411
7731,business,220.73068
7734,business,243.82484
7735,business,341.5798
7736,business,324.7706
7737,business,329.33676
7738,business,397.5638
7739,mixed/suburban,528.8438
7740,mixed/suburban,518.1705
7741,mixed/suburban-2,416.64474
7742,mixed/suburban-2,361.84207
7743,mixed/suburban-2,362.53278
7744,mixed/suburban-2,378.20682
7745,business,356.37946
7746,business,526.01624
7747,business,474.94632
7748,business,242.90659
7749,business,230.31456
7750,mixed/suburban,327.10864
7751,mixed/suburban,321.15527
7752,mixed/suburban-2,523.4228
7753,mixed/suburban-2,563.5309
7754,mixed/suburban,837.6974
7755,mixed/suburban,936.1181
7756,mixed/suburban-2,884.43097
7757,mixed/suburban-2,626.3992
7761,mixed/suburban-2,282.35782
7762,mixed/suburban-2,338.12106
7763,mixed/suburban-2,316.61884
7764,mixed/suburban,290.9881
7765,mixed/suburban,400.2029
7766,business,545.8804
7767,business-2,1066.3975
7768,business-2,1150.757
7769,business,1043.3241
7770,business,968.2725
7771,business,610.46405
7772,business,509.93784
7773,business-2,546.25696
7774,business-2,548.6999
7775,business-2,392.27866
7781,mixed/suburban,226.68114
7782,business,388.83505
7783,business,392.38608
7784,business-2,421.38205
7785,business-2,430.5615
7786,business,458.33203
7787,mixed/suburban,453.8403
7788,mixed/suburban-2,353.714
7789,mixed/suburban-2,397.78284
7790,mixed/suburban-2,565.2353
7791,mixed/suburban-2,571.9984
7792,mixed/suburban-2,569.40137
7793,mixed/suburban-2,326.4052
7794,mixed/suburban-2,225.44699
7795,mixed/suburban-2,206.63531
7799,mixed/suburban,196.58783
7800,mixed/suburban-2,212.65318
7804,mixed/suburban-2,315.16498
7805,mixed/suburban-2,263.67984
7806,mixed/suburban-2,275.58322
7807,mixed/suburban-2,275.6381
7808,mixed/suburban,284.86093
7809,mixed/suburban,290.53235
7810,mixed/suburban,269.64944
7811,mixed/suburban,189.02539
7812,business,294.07098
7813,mixed/suburban,451.79422
7814,mixed/suburban,474.70657
7815,mixed/suburban,512.5384
7816,mixed/suburban,287.9354
7817,mixed/suburban,218.19633
7818,business,195.32674
7829,business,212.94044
7830,business,222.14784
7831,mixed/suburban,310.13696
7832,mixed/suburban,338.66733
7834,business,332.0225
7835,business,383.8283
7836,business,355.3856
7837,business,325.47656
7838,business,370.1121
7839,mixed/suburban,528.9424
7840,mixed/suburban,522.2561
7841,mixed/suburban,424.43155
7842,mixed/suburban-2,359.36417
7843,mixed/suburban-2,345.64127
7844,mixed/suburban,198.31837
7845,mixed/suburban,191.49973
7846,business,375.56326
7847,business,427.04907
7848,business,216.11478
7849,business,236.29387
7850,mixed/suburban,330.8283
7851,mixed/suburban,340.4302
7852,mixed/suburban-2,702.0365
7853,mixed/suburban-2,624.85785
7854,mixed/suburban-2,717.04
7855,mixed/suburban,862.096
7856,mixed/suburban,956.6529
7857,mixed/suburban,489.46616
7858,mixed/suburban-2,228.4552
7859,mixed/suburban-2,187.68303
7864,mixed/suburban,294.17685
7865,mixed/suburban,356.9712
7866,business,415.80313
7867,business-2,574.1944
7868,business,1059.8615
7869,business,1034.4998
7870,business,876.4917
7871,business,558.8589
7872,business,529.10675
7873,business-2,548.6999
7874,business-2,524.8537
7875,business-2,332.56232
7876,business,267.93283
7881,business,280.92667
7882,business,396.89288
7883,business,396.4229
7884,business-2,579.9656
7885,business-2,809.58954
7886,mixed/suburban,609.18304
7887,mixed/suburban,561.21027
7888,mixed/suburban-2,527.59705
7889,mixed/suburban-2,742.7416
7890,mixed/suburban-2,594.3313
7891,mixed/suburban-2,572.14966
7892,mixed/suburban-2,570.3597
7893,mixed/suburban-2,423.2602
7894,mixed/suburban-2,224.52722
7895,mixed/suburban-2,206.79117
7896,mixed/suburban-2,206.75725
7897,mixed/suburban-2,198.5247
7898,mixed/suburban-2,218.84926
7899,mixed/suburban-2,219.36975
7900,mixed/suburban-2,218.0287
7901,mixed/suburban,189.08636
7903,mixed/suburban,194.00615
7904,mixed/suburban-2,288.11642
7905,mixed/suburban-2,256.03738
7906,mixed/suburban-2,275.58322
7907,mixed/suburban-2,278.41986
7908,mixed/suburban,290.5462
7909,mixed/suburban,290.5462
7910,mixed/suburban,291.8998
7911,mixed/suburban,304.64294
7912,mixed/suburban,317.1267
7913,mixed/suburban,251.97446
7914,business,301.60785
7915,business,273.27832
7916,business,251.73709
7919,business,244.9355
7920,business,261.1609
7921,business,267.2149
7922,business-2,355.42612
7923,business-2,241.96506
7930,mixed/suburban,311.75757
7931,mixed/suburban,516.0406
7932,mixed/suburban,521.5884
7933,mixed/suburban,446.93457
7934,business,381.83438
7935,business,383.123
7936,business,380.95135
7937,business,336.57275
7938,mixed/suburban,335.02444
7939,mixed/suburban,362.28024
7940,mixed/suburban,392.40305
7941,mixed/suburban,320.99887
7942,mixed/suburban,311.66214
7943,mixed/suburban,300.48636
7944,mixed/suburban,190.7303
7945,mixed/suburban,191.61198
7946,business,270.0063
7947,business,267.16376
7948,mixed/suburban,187.85413
7949,mixed/suburban-2,312.90964
7950,mixed/suburban-2,385.57956
7951,mixed/suburban-2,453.0222
7952,mixed/suburban-2,905.5534
7953,mixed/suburban-2,811.5746
7954,mixed/suburban-2,684.06116
7955,mixed/suburban-2,638.5943
7956,mixed/suburban-2,490.6355
7957,mixed/suburban-2,284.89313
7958,mixed/suburban-2,217.55814
7965,mixed/suburban,314.61533
7966,mixed/suburban,348.56952
7967,business,319.5642
7968,business,548.0474
7969,business,983.77954
7970,business,692.3425
7971,business,567.3465
7972,business,671.9199
7973,business,769.9116
7974,business,551.1128
7975,business,288.26147
7976,business,425.35992
7977,mixed/suburban,286.5221
7978,mixed/suburban-2,280.45926
7979,mixed/suburban-2,303.09692
7980,mixed/suburban-2,447.22162
7981,business,377.35168
7982,business,396.4229
7983,business,396.5396
7984,business,475.28394
7985,business-2,864.43176
7986,business-2,767.4004
7987,mixed/suburban,476.14874
7988,mixed/suburban-2,708.90894
7989,mixed/suburban-2,1101.4861
7990,mixed/suburban-2,1053.1178
7991,mixed/suburban-2,746.70935
7992,mixed/suburban-2,540.77167
7993,mixed/suburban-2,486.87366
7994,mixed/suburban-2,238.78906
7995,mixed/suburban-2,212.92339
7996,mixed/suburban-2,187.34377
7997,mixed/suburban-2,194.3881
7998,mixed/suburban-2,215.67767
7999,mixed/suburban-2,216.51111
8000,mixed/suburban-2,217.03531
8003,mixed/suburban,208.74904
8004,mixed/suburban,236.01201
8005,mixed/suburban-2,230.61478
8006,mixed/suburban-2,234.49022
8007,mixed/suburban,305.29855
8008,mixed/suburban,312.96677
8009,mixed/suburban,309.89944
8010,mixed/suburban,440.93994
8011,mixed/suburban,701.59515
8012,mixed/suburban,622.5044
8013,mixed/suburban-2,335.31003
8014,mixed/suburban-2,305.1326
8015,mixed/suburban,220.86781
8016,business,236.71748
8017,business,187.76575
8019,business,234.64633
8020,business,238.4719
8021,business,256.16403
8022,business-2,328.02457
8023,business-2,381.37787
8030,mixed/suburban,424.30533
8031,mixed/suburban,451.72302
8032,mixed/suburban,451.82724
8033,mixed/suburban,437.80197
8034,mixed/suburban,380.38986
8035,business,382.24167
8036,business,380.6229
8037,mixed/suburban,334.6967
8038,mixed/suburban,324.41745
8039,mixed/suburban,315.63776
8040,mixed/suburban,311.0096
8041,mixed/suburban,323.90005
8042,mixed/suburban,337.07635
8043,mixed/suburban,389.76352
8044,mixed/suburban-2,423.2017
8045,mixed/suburban-2,349.1833
8046,business,255.92339
8049,mixed/suburban-2,377.93146
8050,mixed/suburban-2,438.42206
8051,mixed/suburban-2,518.14636
8052,mixed/suburban-2,687.8918
8053,mixed/suburban-2,924.3502
8054,mixed/suburban-2,1023.8367
8055,mixed/suburban-2,740.29736
8056,mixed/suburban-2,278.20477
8057,mixed/suburban-2,278.20477
8058,mixed/suburban-2,270.1983
8061,mixed/suburban-2,247.91542
8062,mixed/suburban-2,254.92055
8065,mixed/suburban-2,230.32225
8066,mixed/suburban,294.74988
8067,business,281.0945
8068,business,282.18997
8069,business,357.55243
8070,business,499.67212
8071,mixed/suburban,803.2219
8072,mixed/suburban,817.06287
8073,business,805.5004
8074,business,570.7681
8075,business,495.08105
8076,business,734.3451
8077,mixed/suburban-2,284.8483
8078,mixed/suburban-2,285.53128
8079,mixed/suburban-2,477.32956
8080,mixed/suburban-2,613.9208
8081,mixed/suburban,441.40097
8082,business,434.39835
8083,business,480.6938
8084,business,846.3525
8085,mixed/suburban,764.12396
8086,mixed/suburban,606.5683
8087,mixed/suburban,425.3596
8088,mixed/suburban-2,672.04816
8089,mixed/suburban-2,920.92975
8090,mixed/suburban-2,1095.5375
8091,mixed/suburban,838.9495
8092,mixed/suburban,512.7476
8093,mixed/suburban,511.72253
8094,mixed/suburban,485.75232
8095,mixed/suburban-2,270.41354
8096,mixed/suburban-2,200.82808
8097,mixed/suburban,209.5129
8098,mixed/suburban-2,216.14565
8099,mixed/suburban-2,220.86696
8100,mixed/suburban-2,192.44695
8104,mixed/suburban,239.49995
8105,mixed/suburban,222.24252
8106,mixed/suburban,208.00642
8107,mixed/suburban,264.67834
8108,mixed/suburban,332.2126
8109,mixed/suburban,332.15076
8110,mixed/suburban,335.52948
8111,mixed/suburban,451.0912
8112,mixed/suburban-2,473.71112
8113,mixed/suburban-2,441.49387
8114,mixed/suburban-2,303.13953
8115,mixed/suburban-2,220.31363
8116,mixed/suburban,224.35548
8117,mixed/suburban,260.71252
8120,mixed/suburban,212.4316
8121,mixed/suburban,232.23366
8122,mixed/suburban,232.23366
8123,business,238.76546
8124,business,219.74017
8130,business,227.74068
8131,business,247.05952
8132,mixed/suburban,364.05225
8133,mixed/suburban,383.15622
8134,mixed/suburban,356.67612
8135,mixed/suburban,268.4521
8136,mixed/suburban,304.16998
8137,mixed/suburban,324.4788
8138,mixed/suburban,313.05582
8139,mixed/suburban,309.77396
8140,mixed/suburban,315.2379
8141,mixed/suburban,327.46994
8142,mixed/suburban,425.67792
8143,mixed/suburban,455.54932
8144,mixed/suburban-2,455.59546
8145,mixed/suburban-2,435.00983
8146,mixed/suburban,303.07965
8147,business,200.36299
8148,mixed/suburban,205.24786
8149,mixed/suburban,242.59425
8150,mixed/suburban-2,282.14273
8151,mixed/suburban,461.23386
8152,mixed/suburban,479.20856
8153,mixed/suburban-2,645.015
8154,mixed/suburban-2,929.07025
8155,mixed/suburban-2,440.72888
8156,mixed/suburban-2,271.58014
8157,mixed/suburban-2,278.7919
8158,mixed/suburban,285.7346
8159,mixed/suburban-2,262.33026
8160,mixed/suburban-2,338.76028
8161,mixed/suburban-2,359.8214
8162,mixed/suburban-2,350.8928
8163,mixed/suburban-2,338.51923
8164,mixed/suburban-2,230.09268
8165,mixed/suburban-2,210.2371
8166,mixed/suburban,228.04616
8167,business,285.25964
8168,business,268.29495
8169,business-2,1768.876
8170,business,424.0977
8171,mixed/suburban,867.75745
8172,mixed/suburban,842.58185
8173,mixed/suburban,800.7529
8174,business,744.47894
8175,business,818.8478
8176,mixed/suburban,803.16583
8177,mixed/suburban-2,535.29895
8178,mixed/suburban-2,445.65768
8179,mixed/suburban-2,551.1535
8180,mixed/suburban-2,597.3011
8181,mixed/suburban,510.92212
8182,mixed/suburban,435.79462
8183,mixed/suburban,442.56577
8184,business,529.66534
8185,mixed/suburban,632.017
8186,mixed/suburban,686.6364
8187,mixed/suburban,521.40204
8188,mixed/suburban,627.68585
8189,mixed/suburban-2,827.3917
8190,mixed/suburban-2,920.1971
8191,mixed/suburban,829.4112
8192,mixed/suburban,513.0005
8193,mixed/suburban,513.14
8194,mixed/suburban,481.87518
8195,mixed/suburban,373.11618
8196,mixed/suburban-2,232.37119
8197,mixed/suburban,223.08879
8198,mixed/suburban,252.16133
8199,mixed/suburban-2,218.2827
8200,mixed/suburban-2,193.34518
8204,mixed/suburban,223.56985
8205,mixed/suburban,220.5201
8206,mixed/suburban,220.52174
8207,mixed/suburban,217.70644
8208,mixed/suburban,273.38907
8209,mixed/suburban,330.92902
8210,mixed/suburban,343.06555
8211,business,395.98203
8212,mixed/suburban,396.36224
8213,mixed/suburban-2,312.98914
8214,mixed/suburban-2,296.52557
8215,mixed/suburban-2,261.48248
8216,mixed/suburban-2,299.4145
8217,mixed/suburban-2,330.01062
8218,mixed/suburban,237.17477
8220,mixed/suburban,197.33325
8221,mixed/suburban,232.23366
8222,mixed/suburban,232.23366
8223,mixed/suburban,232.23366
8224,mixed/suburban,209.88734
8229,business,195.88239
8230,business,290.48816
8231,business,262.0306
8232,business,272.73328
8233,mixed/suburban,280.80176
8236,mixed/suburban,195.4589
8237,mixed/suburban,319.84863
8238,mixed/suburban,304.10858
8239,mixed/suburban,319.7398
8240,mixed/suburban,323.86273
8241,mixed/suburban,328.10544
8242,mixed/suburban,501.33762
8243,mixed/suburban,496.74017
8244,mixed/suburban-2,459.26822
8245,mixed/suburban-2,406.00092
8246,mixed/suburban-2,278.13553
8247,business,259.53516
8248,business,252.19061
8249,mixed/suburban,234.65175
8250,mixed/suburban,241.3028
8251,mixed/suburban,392.37653
8252,mixed/suburban,459.1946
8253,mixed/suburban,433.29266
8257,mixed/suburban-2,284.81027
8258,mixed/suburban,276.95428
8259,mixed/suburban,262.95038
8260,mixed/suburban-2,283.25333
8261,mixed/suburban-2,353.00034
8262,mixed/suburban-2,340.50873
8263,mixed/suburban-2,261.48627
8264,mixed/suburban,189.55788
8265,mixed/suburban,190.15701
8266,business,204.24109
8267,business,211.3995
8268,business,295.27362
8269,business-2,739.6371
8270,mixed/suburban,781.53564
8271,mixed/suburban-2,1548.321
8272,mixed/suburban-2,1460.0487
8273,mixed/suburban,862.24664
8274,mixed/suburban-2,760.10876
8275,mixed/suburban-2,776.52405
8276,mixed/suburban-2,861.5806
8277,mixed/suburban-2,844.83264
8278,mixed/suburban-2,754.152
8279,mixed/suburban-2,510.37054
8280,mixed/suburban-2,496.55383
8281,mixed/suburban-2,483.92844
8282,mixed/suburban,445.5501
8283,mixed/suburban,446.07333
8284,mixed/suburban,327.48508
8285,mixed/suburban,273.59122
8286,mixed/suburban,337.3704
8287,mixed/suburban,565.3896
8288,mixed/suburban,603.2634
8289,mixed/suburban-2,696.2898
8290,mixed/suburban-2,705.61224
8291,mixed/suburban,696.8853
8292,mixed/suburban,481.419
8293,mixed/suburban,395.1586
8294,mixed/suburban,275.96448
8295,mixed/suburban,245.95613
8296,mixed/suburban,204.67061
8297,mixed/suburban,197.6895
8298,mixed/suburban,189.151
8299,mixed/suburban-2,210.38432
8300,mixed/suburban-2,190.4903
8304,mixed/suburban,220.50642
8305,mixed/suburban,214.662
8306,mixed/suburban,220.52174
8307,mixed/suburban,220.52174
8308,mixed/suburban,217.59161
8309,mixed/suburban,338.11697
8310,mixed/suburban,383.74573
8311,business,397.80978
8312,mixed/suburban,335.7
8313,mixed/suburban-2,301.72946
8314,mixed/suburban-2,406.45166
8315,mixed/suburban-2,392.44144
8316,mixed/suburban-2,345.0244
8317,mixed/suburban-2,316.3576
8318,mixed/suburban-2,291.47522
8319,mixed/suburban,196.73032
8320,mixed/suburban,240.77925
8321,mixed/suburban,256.4813
8322,mixed/suburban,232.23366
8323,mixed/suburban,232.23366
8324,mixed/suburban,199.56245
8330,business,234.79211
8331,business,260.18494
8332,business,260.09042
8333,business,201.06561
8336,business,231.97635
8337,business,351.02075
8338,business,348.65582
8339,business,346.34985
8340,mixed/suburban,347.84048
8341,mixed/suburban-2,421.46695
8342,mixed/suburban,504.22052
8343,mixed/suburban,489.62558
8344,mixed/suburban-2,366.5205
8345,mixed/suburban-2,293.2116
8346,mixed/suburban-2,260.66318
8347,mixed/suburban,259.8605
8348,business,254.65651
8349,business,249.33371
8350,business,248.33086
8351,mixed/suburban,377.75278
8352,mixed/suburban,438.46527
8353,mixed/suburban,417.95868
8357,mixed/suburban,270.53143
8358,mixed/suburban,320.7485
8359,mixed/suburban,299.88104
8360,mixed/suburban,273.7665
8361,mixed/suburban-2,289.98163
8362,mixed/suburban-2,282.39294
8363,mixed/suburban-2,220.84402
8364,mixed/suburban,247.35207
8365,mixed/suburban,254.23227
8366,business,206.97086
8367,business,206.97086
8368,business,207.72432
8369,business,575.9893
8370,mixed/suburban-2,1463.737
8371,mixed/suburban-2,1569.1124
8372,mixed/suburban,1329.6687
8373,mixed/suburban,927.0025
8374,mixed/suburban,986.5978
8375,mixed/suburban-2,772.9101
8376,mixed/suburban-2,829.37195
8377,mixed/suburban-2,815.7708
8378,mixed/suburban-2,767.4936
8379,mixed/suburban-2,495.36688
8380,mixed/suburban-2,494.70633
8381,mixed/suburban-2,453.96588
8382,mixed/suburban,388.27524
8383,mixed/suburban,443.2675
8384,mixed/suburban,318.42908
8385,mixed/suburban,300.81912
8386,mixed/suburban,339.40582
8387,business,557.0417
8388,mixed/suburban,673.65607
8389,mixed/suburban,713.5457
8390,mixed/suburban,681.4832
8391,mixed/suburban,668.4427
8392,mixed/suburban,597.26917
8393,mixed/suburban,251.7933
8394,mixed/suburban,247.54059
8395,mixed/suburban,240.98308
8396,mixed/suburban,209.65944
8403,mixed/suburban,220.35114
8404,mixed/suburban,220.51859
8405,mixed/suburban,220.5058
8406,mixed/suburban,220.4958
8407,mixed/suburban,220.52174
8408,mixed/suburban,220.52174
8409,mixed/suburban,388.8596
8410,mixed/suburban,445.84918
8411,mixed/suburban,383.66867
8412,business,269.03494
8413,mixed/suburban,311.4482
8414,mixed/suburban-2,446.8472
8415,mixed/suburban-2,385.40607
8416,mixed/suburban-2,359.7175
8417,mixed/suburban-2,353.34207
8418,mixed/suburban-2,322.3036
8419,mixed/suburban-2,430.20715
8420,mixed/suburban-2,391.38495
8421,mixed/suburban,216.48056
8422,mixed/suburban,213.20518
8423,mixed/suburban,230.3375
8424,mixed/suburban,189.49815
8431,business,232.44185
8432,business,226.01979
8436,mixed/suburban,197.61244
8437,business,350.496
8438,business,349.97226
8439,business,361.79974
8440,business,403.82443
8441,mixed/suburban-2,509.38092
8442,mixed/suburban-2,504.38654
8443,mixed/suburban-2,408.04617
8444,mixed/suburban-2,266.50522
8445,mixed/suburban-2,250.92569
8446,mixed/suburban-2,247.91713
8447,mixed/suburban,195.0404
8448,business,211.05446
8449,business,252.06691
8450,business,291.8259
8451,mixed/suburban,329.3549
8452,business,546.5382
8453,business,456.75253
8454,business,333.93036
8456,mixed/suburban-2,312.6404
8457,mixed/suburban-2,404.93024
8458,mixed/suburban-2,447.8229
8459,mixed/suburban-2,507.87415
8460,mixed/suburban-2,515.0955
8461,mixed/suburban-2,345.91504
8462,mixed/suburban-2,333.29785
8463,mixed/suburban-2,287.6309
8464,mixed/suburban,285.34323
8465,mixed/suburban,263.77716
8466,business,206.97086
8467,business,206.99046
8468,business-2,440.05176
8469,business-2,590.0513
8470,business,870.76074
8471,mixed/suburban-2,1370.7112
8472,mixed/suburban,1278.8492
8473,mixed/suburban,1163.0094
8474,mixed/suburban,1224.2043
8475,mixed/suburban,1278.6729
8476,mixed/suburban,1248.1405
8477,mixed/suburban-2,777.435
8478,mixed/suburban-2,700.25696
8479,mixed/suburban-2,282.6715
8480,mixed/suburban-2,282.26822
8481,mixed/suburban,187.42622
8482,mixed/suburban,230.9577
8483,business,265.23883
8484,business,192.12231
8485,business,267.56955
8486,mixed/suburban,345.63684
8487,business,482.26587
8488,business,593.4238
8489,mixed/suburban,663.0123
8490,mixed/suburban,668.5247
8491,mixed/suburban,664.17664
8492,mixed/suburban,453.28415
8493,mixed/suburban,259.13483
8494,mixed/suburban,244.8422
8495,mixed/suburban,224.48766
8496,mixed/suburban,196.95102
8502,business,372.55487
8503,mixed/suburban,234.24341
8504,mixed/suburban,212.28331
8505,mixed/suburban,218.97472
8506,mixed/suburban,220.52174
8507,mixed/suburban,220.52174
8508,mixed/suburban,220.52174
8509,mixed/suburban,388.8596
8510,mixed/suburban,445.83627
8511,mixed/suburban,440.4778
8512,mixed/suburban,390.407
8513,mixed/suburban,396.0021
8514,mixed/suburban-2,430.16373
8515,mixed/suburban-2,416.59937
8516,mixed/suburban-2,351.04318
8517,mixed/suburban-2,325.1152
8518,mixed/suburban-2,345.37604
8519,mixed/suburban-2,629.7191
8520,mixed/suburban-2,499.4145
8521,mixed/suburban-2,445.30713
8522,mixed/suburban,249.28632
8523,mixed/suburban,214.80545
8534,mixed/suburban,190.50117
8535,mixed/suburban,222.14276
8536,mixed/suburban,306.66174
8537,business,352.91248
8538,business,355.0261
8539,business,378.29675
8540,business,388.65714
8541,mixed/suburban,397.4273
8542,mixed/suburban-2,360.5943
8543,mixed/suburban-2,305.1979
8544,mixed/suburban-2,277.10544
8545,mixed/suburban-2,250.49759
8546,mixed/suburban-2,193.07903
8549,mixed/suburban,193.23651
8550,mixed/suburban,305.4896
8551,business,348.75455
8552,business,561.4121
8553,business,473.9522
8554,business,384.1397
8555,mixed/suburban,412.57074
8556,mixed/suburban-2,448.83148
8557,mixed/suburban-2,482.46454
8558,mixed/suburban-2,510.61057
8559,mixed/suburban-2,570.435
8560,mixed/suburban-2,554.72925
8561,mixed/suburban-2,594.2428
8562,mixed/suburban-2,879.1046
8563,mixed/suburban-2,438.68225
8564,mixed/suburban,236.1655
8567,business,284.68893
8568,business-2,540.3699
8569,business-2,580.0247
8570,business-2,651.0557
8571,mixed/suburban,967.78253
8572,mixed/suburban,1171.4974
8573,mixed/suburban,1121.405
8574,mixed/suburban,1224.2208
8575,mixed/suburban,1443.8474
8576,mixed/suburban,1361.8044
8577,mixed/suburban,864.44507
8578,mixed/suburban,620.8679
8585,mixed/suburban,383.72375
8586,mixed/suburban-2,258.12616
8587,mixed/suburban-2,261.23285
8588,mixed/suburban-2,359.2676
8589,mixed/suburban,452.27725
8590,mixed/suburban,518.11426
8591,mixed/suburban,413.85583
8592,mixed/suburban,322.5517
8593,mixed/suburban,258.99506
8594,mixed/suburban,251.53275
8595,mixed/suburban,237.9832
8601,mixed/suburban-2,248.01132
8602,mixed/suburban,352.78217
8604,mixed/suburban,198.26248
8605,mixed/suburban,202.24654
8606,mixed/suburban,220.52174
8607,mixed/suburban,217.30663
8608,mixed/suburban,189.58246
8609,mixed/suburban,227.01807
8610,mixed/suburban,385.05896
8611,mixed/suburban,445.9049
8612,mixed/suburban,396.06638
8613,mixed/suburban,384.59756
8614,mixed/suburban,356.66684
8615,mixed/suburban,253.17937
8616,mixed/suburban,235.30582
8617,mixed/suburban-2,283.86462
8618,mixed/suburban-2,455.60526
8619,mixed/suburban-2,648.62286
8620,mixed/suburban-2,605.90283
8621,mixed/suburban-2,629.77496
8622,mixed/suburban-2,441.90515
8623,mixed/suburban-2,198.63293
8625,mixed/suburban-2,194.47563
8626,mixed/suburban-2,194.97974
8631,mixed/suburban,205.94678
8634,mixed/suburban,253.45497
8635,mixed/suburban-2,565.7583
8636,mixed/suburban,597.62115
8637,mixed/suburban,396.96887
8638,mixed/suburban,553.64716
8639,mixed/suburban,539.1355
8640,mixed/suburban,483.30838
8641,mixed/suburban-2,327.03696
8642,mixed/suburban-2,271.45874
8643,mixed/suburban-2,258.8102
8644,mixed/suburban-2,256.85385
8645,mixed/suburban-2,230.68936
8650,mixed/suburban,310.76303
8651,mixed/suburban,461.295
8652,business,569.79803
8653,business,413.49133
8654,business,401.95532
8655,mixed/suburban,442.84875
8656,mixed/suburban,688.65186
8657,mixed/suburban-2,487.82758
8658,mixed/suburban-2,514.4112
8659,mixed/suburban-2,587.72235
8660,mixed/suburban-2,592.2384
8661,mixed/suburban-2,729.8525
8662,mixed/suburban-2,1238.4131
8663,mixed/suburban-2,605.7754
8667,business-2,315.5203
8668,business-2,515.9699
8669,business-2,561.73535
8670,business,847.711
8671,mixed/suburban,926.63617
8672,mixed/suburban,1039.8508
8673,mixed/suburban,760.2285
8674,mixed/suburban-2,1104.1526
8675,mixed/suburban-2,1629.2947
8676,mixed/suburban,1371.9093
8677,mixed/suburban,932.0751
8678,mixed/suburban,374.2075
8684,mixed/suburban,265.88995
8685,mixed/suburban,402.68222
8686,mixed/suburban,364.8638
8687,mixed/suburban-2,297.56985
8688,mixed/suburban-2,326.62466
8689,mixed/suburban,413.0074
8690,mixed/suburban,385.70193
8691,mixed/suburban,330.76825
8692,mixed/suburban,388.05338
8693,mixed/suburban,262.18048
8694,mixed/suburban,262.2277
8695,mixed/suburban,288.10495
8696,mixed/suburban,209.1761
8701,mixed/suburban,254.35876
8706,mixed/suburban,199.20251
8711,mixed/suburban,248.55376
8712,mixed/suburban,302.535
8713,mixed/suburban,203.40247
8715,mixed/suburban,195.07074
8716,mixed/suburban,193.79988
8717,mixed/suburban,193.73497
8718,mixed/suburban-2,514.35114
8719,mixed/suburban-2,629.77496
8720,mixed/suburban-2,629.77496
8721,mixed/suburban-2,629.65216
8722,mixed/suburban-2,359.24283
8723,mixed/suburban-2,189.94778
8724,mixed/suburban-2,187.14749
8725,mixed/suburban-2,214.225
8726,mixed/suburban-2,220.886
8727,mixed/suburban-2,199.36044
8730,mixed/suburban-2,289.421
8731,mixed/suburban-2,319.21017
8732,mixed/suburban,238.09602
8733,mixed/suburban,222.92706
8734,mixed/suburban-2,908.31177
8735,mixed/suburban-2,525.51764
8736,mixed/suburban,323.39185
8737,mixed/suburban,289.13217
8738,mixed/suburban,522.92816
8739,mixed/suburban,561.0346
8740,mixed/suburban,529.87695
8741,mixed/suburban-2,260.73737
8742,mixed/suburban-2,254.22333
8743,mixed/suburban-2,240.8088
8750,mixed/suburban,315.51517
8751,mixed/suburban-2,609.7969
8752,mixed/suburban-2,605.67395
8753,mixed/suburban,420.28293
8754,mixed/suburban,394.84796
8755,mixed/suburban,538.03925
8756,mixed/suburban,965.2945
8757,mixed/suburban-2,740.6009
8758,mixed/suburban-2,602.8843
8759,mixed/suburban,578.8462
8760,mixed/suburban,383.16162
8761,mixed/suburban-2,620.83813
8762,mixed/suburban-2,1699.2965
8768,business-2,206.72209
8769,business,370.31116
8770,business,632.5714
8771,mixed/suburban,908.25104
8772,mixed/suburban,892.82544
8773,mixed/suburban-2,741.3488
8774,mixed/suburban-2,1438.9415
8775,mixed/suburban-2,1469.8512
8776,mixed/suburban,573.8511
8777,mixed/suburban,411.0562
8783,mixed/suburban,195.83838
8784,mixed/suburban-2,201.21379
8785,mixed/suburban-2,430.72208
8786,mixed/suburban-2,426.1045
8787,mixed/suburban-2,332.8916
8788,mixed/suburban-2,338.62943
8789,mixed/suburban,409.03033
8790,mixed/suburban,398.05603
8791,mixed/suburban-2,453.87256
8792,mixed/suburban-2,518.7806
8793,mixed/suburban-2,402.4927
8794,mixed/suburban,364.8483
8795,mixed/suburban,353.08273
8796,mixed/suburban,286.23703
8797,mixed/suburban,197.78214
8798,mixed/suburban-2,286.2807
8799,mixed/suburban-2,381.1339
8800,mixed/suburban-2,342.12677
8815,business,198.15967
8816,mixed/suburban,217.72646
8817,mixed/suburban,211.34407
8818,mixed/suburban-2,557.76404
8819,mixed/suburban-2,629.77496
8820,mixed/suburban-2,615.1552
8821,mixed/suburban-2,577.6136
8822,mixed/suburban-2,213.87411
8823,mixed/suburban-2,199.20308
8824,mixed/suburban-2,196.45312
8825,mixed/suburban-2,207.55502
8826,mixed/suburban-2,220.8823
8827,mixed/suburban-2,218.46988
8829,mixed/suburban-2,262.5061
8830,mixed/suburban-2,327.2908
8831,mixed/suburban-2,329.58557
8832,mixed/suburban,308.1674
8833,mixed/suburban,352.97296
8834,mixed/suburban-2,988.86426
8835,mixed/suburban,714.4078
8836,mixed/suburban,465.5539
8837,mixed/suburban-2,291.2859
8838,mixed/suburban-2,258.30164
8839,mixed/suburban-2,357.51773
8840,mixed/suburban-2,355.0302
8841,mixed/suburban-2,231.70737
8842,mixed/suburban-2,232.14018
8849,mixed/suburban,222.41953
8850,mixed/suburban,251.68187
8851,mixed/suburban-2,619.7272
8852,mixed/suburban-2,677.83344
8853,mixed/suburban-2,482.65222
8854,mixed/suburban,521.2667
8855,mixed/suburban,890.35297
8856,mixed/suburban-2,775.4985
8857,mixed/suburban-2,1176.335
8858,mixed/suburban,715.1964
8859,mixed/suburban,565.12164
8860,mixed/suburban,307.60458
8861,mixed/suburban,308.2595
8862,mixed/suburban-2,1484.7014
8863,mixed/suburban-2,485.32724
8866,mixed/suburban,192.81714
8867,business-2,201.4552
8868,business-2,220.71674
8869,business,380.20322
8870,business,403.51218
8871,business,558.0118
8872,mixed/suburban,679.2499
8873,mixed/suburban,722.4331
8874,mixed/suburban-2,1470.2722
8875,mixed/suburban,1056.4548
8876,mixed/suburban,493.72766
8877,mixed/suburban,469.47458
8878,mixed/suburban,194.17384
8884,mixed/suburban-2,369.6135
8885,mixed/suburban-2,481.177
8886,mixed/suburban-2,483.4008
8887,mixed/suburban-2,379.27435
8888,mixed/suburban-2,354.90247
8889,mixed/suburban-2,349.6822
8890,mixed/suburban-2,385.81955
8891,mixed/suburban-2,457.27954
8892,mixed/suburban-2,491.57086
8893,mixed/suburban,372.3109
8894,mixed/suburban,365.54578
8895,mixed/suburban,361.49673
8896,mixed/suburban,354.54187
8897,mixed/suburban-2,400.98145
8898,mixed/suburban-2,383.7239
8899,mixed/suburban-2,382.9205
8900,mixed/suburban-2,382.9205
8901,mixed/suburban,190.7682
8915,business,197.75352
8916,business,197.75352
8917,business,197.75352
8918,mixed/suburban-2,527.14124
8919,mixed/suburban-2,631.93146
8920,mixed/suburban-2,623.0873
8921,mixed/suburban-2,353.54294
8922,mixed/suburban-2,199.52751
8923,mixed/suburban-2,199.02979
8924,mixed/suburban-2,199.02979
8925,mixed/suburban-2,208.23096
8926,mixed/suburban-2,220.85545
8927,mixed/suburban-2,192.17209
8929,mixed/suburban-2,210.33963
8930,mixed/suburban-2,310.0474
8931,mixed/suburban-2,330.6577
8932,mixed/suburban,352.27716
8933,mixed/suburban,358.09265
8934,mixed/suburban,360.61105
8935,mixed/suburban-2,513.3426
8936,mixed/suburban-2,375.42374
8937,mixed/suburban-2,301.7469
8938,mixed/suburban-2,268.23477
8939,mixed/suburban-2,231.00487
8940,mixed/suburban-2,230.66026
8941,mixed/suburban-2,231.70737
8942,mixed/suburban-2,231.70737
8948,mixed/suburban,249.50269
8949,mixed/suburban-2,304.5901
8950,mixed/suburban-2,343.61188
8951,mixed/suburban-2,482.2458
8952,mixed/suburban-2,655.95374
8953,mixed/suburban-2,520.05585
8954,mixed/suburban,408.78268
8955,mixed/suburban,418.77765
8956,mixed/suburban,554.03015
8957,mixed/suburban-2,913.32404
8958,mixed/suburban-2,670.16846
8959,mixed/suburban-2,772.0542
8960,mixed/suburban-2,624.9035
8961,mixed/suburban,216.52652
8962,mixed/suburban,214.06691
8963,mixed/suburban,210.08694
8965,mixed/suburban,191.23175
8966,mixed/suburban,443.62155
8967,business,417.67657
8968,business-2,349.64227
8969,business-2,219.833
8970,mixed/suburban,441.5094
8971,mixed/suburban,498.30057
8972,mixed/suburban,507.94778
8973,mixed/suburban,609.2623
8974,mixed/suburban,809.2843
8975,mixed/suburban,775.5417
8976,mixed/suburban-2,684.846
8977,mixed/suburban,561.6304
8978,mixed/suburban,392.40945
8980,business,264.9273
8981,business,341.50342
8982,business,270.0335
8984,mixed/suburban,189.65932
8985,mixed/suburban-2,405.89752
8986,mixed/suburban-2,415.63663
8987,mixed/suburban-2,309.7912
8988,mixed/suburban-2,341.5599
8989,mixed/suburban-2,363.1931
8990,mixed/suburban-2,387.3981
8991,mixed/suburban-2,437.0467
8992,mixed/suburban-2,397.1193
8993,mixed/suburban,331.5773
8994,mixed/suburban,365.54578
8995,mixed/suburban,379.80258
8996,mixed/suburban-2,443.50278
8997,mixed/suburban-2,463.7484
8998,mixed/suburban-2,379.39954
8999,mixed/suburban-2,357.1777
9000,mixed/suburban-2,363.1185
9001,mixed/suburban-2,218.77705
9006,mixed/suburban,191.50348
9015,business,187.67738
9016,business,197.6265
9017,business,203.52705
9018,mixed/suburban-2,391.13257
9019,mixed/suburban-2,564.1911
9020,mixed/suburban-2,339.67435
9021,mixed/suburban-2,321.27798
9022,mixed/suburban-2,257.60947
9023,mixed/suburban-2,199.97891
9024,mixed/suburban-2,199.02979
9025,mixed/suburban-2,212.19313
9026,mixed/suburban-2,220.28851
9030,mixed/suburban-2,259.4052
9031,mixed/suburban-2,239.50368
9032,mixed/suburban-2,221.64899
9033,mixed/suburban-2,247.42355
9034,mixed/suburban-2,307.37518
9035,mixed/suburban-2,315.68008
9036,mixed/suburban-2,313.80167
9037,mixed/suburban-2,313.5593
9038,mixed/suburban-2,291.4787
9039,mixed/suburban-2,236.58974
9040,mixed/suburban-2,224.9365
9041,mixed/suburban-2,237.77965
9042,mixed/suburban-2,229.62605
9048,mixed/suburban-2,287.27502
9049,mixed/suburban-2,305.406
9050,mixed/suburban-2,310.07336
9051,mixed/suburban-2,367.1134
9052,mixed/suburban-2,497.18283
9053,mixed/suburban-2,330.75256
9054,mixed/suburban-2,398.3392
9055,mixed/suburban,389.3298
9056,mixed/suburban,447.96112
9057,mixed/suburban-2,655.87054
9058,mixed/suburban-2,682.83777
9059,mixed/suburban-2,856.0583
9060,mixed/suburban-2,680.6109
9061,mixed/suburban,228.87448
9062,mixed/suburban,223.1222
9063,mixed/suburban,211.9244
9065,mixed/suburban,244.12518
9066,mixed/suburban,516.5342
9067,mixed/suburban,510.48526
9068,business,512.49536
9069,business,338.35858
9070,mixed/suburban,502.6575
9071,mixed/suburban,501.45984
9072,mixed/suburban,562.1104
9073,mixed/suburban,624.11346
9074,mixed/suburban,768.5319
9075,mixed/suburban,744.7574
9076,mixed/suburban,542.0632
9077,business,274.92175
9078,business,243.40239
9079,business,285.95547
9080,business,472.02423
9081,business,460.31436
9082,business,453.147
9083,business,272.52332
9084,mixed/suburban,189.11836
9085,mixed/suburban-2,349.63702
9086,mixed/suburban-2,374.34073
9087,mixed/suburban-2,319.4353
9088,mixed/suburban-2,330.03137
9089,mixed/suburban-2,386.99152
9090,mixed/suburban-2,399.47833
9091,mixed/suburban-2,408.0039
9092,mixed/suburban-2,280.69653
9093,mixed/suburban-2,275.8568
9094,mixed/suburban-2,496.40323
9095,mixed/suburban-2,525.38336
9096,mixed/suburban-2,468.1
9097,mixed/suburban-2,467.17432
9098,mixed/suburban-2,365.8242
9099,mixed/suburban-2,351.6709
9100,mixed/suburban-2,352.58215
9101,mixed/suburban-2,198.60625
9117,mixed/suburban,219.84384
9118,mixed/suburban-2,282.4099
9119,mixed/suburban-2,348.46805
9120,mixed/suburban-2,321.27725
9121,mixed/suburban-2,321.27725
9122,mixed/suburban-2,321.24634
9123,mixed/suburban-2,253.17137
9124,mixed/suburban-2,237.26518
9125,mixed/suburban-2,233.31512
9126,mixed/suburban-2,208.87538
9129,mixed/suburban-2,189.0239
9130,mixed/suburban-2,214.4659
9135,mixed/suburban-2,205.62457
9136,mixed/suburban-2,232.74542
9137,mixed/suburban-2,288.56097
9138,mixed/suburban-2,283.74005
9139,mixed/suburban-2,243.77917
9148,mixed/suburban-2,248.44096
9149,mixed/suburban-2,502.129
9150,mixed/suburban-2,696.31537
9151,mixed/suburban-2,676.116
9152,mixed/suburban-2,575.3208
9153,mixed/suburban-2,328.97992
9154,mixed/suburban-2,395.16034
9155,mixed/suburban,466.7152
9156,mixed/suburban,472.57913
9157,mixed/suburban-2,589.4664
9158,mixed/suburban-2,696.95984
9159,mixed/suburban-2,835.86523
9160,mixed/suburban-2,466.14908
9161,mixed/suburban,228.84468
9162,mixed/suburban-2,237.45135
9163,mixed/suburban-2,251.65115
9164,mixed/suburban-2,263.0906
9165,mixed/suburban-2,314.9163
9166,mixed/suburban,463.50305
9167,mixed/suburban,688.5574
9168,mixed/suburban,713.64935
9169,business,553.97424
9170,mixed/suburban,568.1148
9171,mixed/suburban,562.9932
9172,mixed/suburban,602.2984
9173,mixed/suburban,610.6986
9174,mixed/suburban,697.4575
9175,mixed/suburban,668.5006
9176,business,292.42566
9177,business,283.6057
9178,business,258.01227
9179,business,347.99252
9180,business,500.77545
9181,business,475.11407
9182,business,447.22403
9183,mixed/suburban,281.70093
9184,mixed/suburban,219.09128
9185,mixed/suburban-2,341.32013
9186,mixed/suburban-2,378.8904
9187,mixed/suburban,288.17102
9188,mixed/suburban,278.77713
9189,mixed/suburban-2,389.79596
9190,mixed/suburban-2,413.23782
9191,mixed/suburban-2,330.26038
9192,mixed/suburban-2,284.32916
9193,mixed/suburban-2,315.49173
9194,mixed/suburban-2,656.33344
9195,mixed/suburban-2,654.55475
9196,mixed/suburban-2,504.84842
9197,mixed/suburban-2,461.6011
9198,mixed/suburban-2,378.8864
9199,mixed/suburban-2,365.1117
9200,mixed/suburban-2,382.93564
9217,mixed/suburban,196.89354
9218,mixed/suburban-2,304.53278
9219,mixed/suburban-2,320.68808
9220,mixed/suburban-2,321.27725
9221,mixed/suburban-2,321.27725
9222,mixed/suburban-2,306.34265
9223,mixed/suburban-2,238.39029
9224,mixed/suburban-2,236.4154
9225,mixed/suburban-2,236.4154
9226,mixed/suburban-2,218.3143
9227,mixed/suburban-2,209.61293
9229,mixed/suburban-2,218.30817
9230,mixed/suburban-2,192.08018
9235,mixed/suburban-2,199.25925
9236,mixed/suburban-2,200.93361
9237,mixed/suburban-2,201.64525
9238,mixed/suburban-2,226.62663
9239,mixed/suburban-2,201.08363
9246,mixed/suburban-2,191.012
9247,mixed/suburban-2,194.43326
9248,mixed/suburban-2,187.99223
9249,mixed/suburban-2,351.52353
9250,mixed/suburban-2,682.25134
9251,mixed/suburban-2,685.9286
9252,mixed/suburban-2,507.49908
9253,mixed/suburban-2,308.94772
9254,mixed/suburban-2,313.97305
9255,mixed/suburban,416.49844
9256,mixed/suburban,479.17474
9257,mixed/suburban,491.05725
9258,mixed/suburban-2,555.5734
9259,mixed/suburban-2,372.149
9260,mixed/suburban-2,260.06967
9261,mixed/suburban-2,317.32544
9262,mixed/suburban-2,303.94946
9263,mixed/suburban-2,280.35056
9264,mixed/suburban-2,279.8695
9265,mixed/suburban-2,319.60437
9266,mixed/suburban-2,457.80167
9267,mixed/suburban-2,1022.98956
9268,mixed/suburban-2,1377.2682
9269,mixed/suburban-2,1115.3267
9270,mixed/suburban-2,767.4016
9271,mixed/suburban-2,571.8395
9272,mixed/suburban,466.34396
9273,mixed/suburban,473.15717
9274,mixed/suburban,463.86987
9275,mixed/suburban,512.40497
9276,business,436.58234
9277,business,366.87073
9278,business-2,316.25385
9279,business-2,380.89908
9280,business,503.29965
9281,business,489.99832
9282,business,351.3027
9283,mixed/suburban,222.63481
9284,mixed/suburban,222.63481
9285,mixed/suburban,317.7899
9286,mixed/suburban,343.206
9287,mixed/suburban,265.06662
9288,mixed/suburban,265.05835
9289,mixed/suburban-2,328.75125
9290,mixed/suburban-2,375.19464
9291,mixed/suburban-2,278.38828
9292,mixed/suburban-2,279.6025
9293,mixed/suburban-2,284.61047
9294,mixed/suburban-2,604.98474
9295,mixed/suburban-2,650.9561
9296,mixed/suburban-2,558.7059
9297,mixed/suburban-2,520.5489
9298,mixed/suburban-2,463.6917
9299,mixed/suburban-2,396.6106
9300,mixed/suburban-2,436.42993
9318,mixed/suburban-2,227.15894
9319,mixed/suburban-2,320.4183
9320,mixed/suburban-2,321.19272
9321,mixed/suburban-2,318.56897
9322,mixed/suburban-2,284.2427
9323,mixed/suburban-2,236.4154
9324,mixed/suburban-2,237.32845
9325,mixed/suburban-2,234.29175
9327,mixed/suburban-2,195.40327
9328,mixed/suburban-2,203.72371
9329,mixed/suburban-2,226.05515
9336,mixed/suburban-2,200.77902
9337,mixed/suburban-2,200.86642
9338,mixed/suburban-2,200.71082
9339,mixed/suburban-2,197.00769
9340,mixed/suburban-2,195.3427
9345,mixed/suburban,216.4961
9348,mixed/suburban-2,195.61433
9349,mixed/suburban-2,195.61424
9350,mixed/suburban-2,408.27142
9351,mixed/suburban-2,496.305
9352,mixed/suburban-2,496.35193
9353,mixed/suburban-2,245.23325
9354,mixed/suburban-2,229.73698
9355,mixed/suburban,271.21225
9356,mixed/suburban,397.77377
9357,mixed/suburban,456.85147
9358,mixed/suburban,452.4895
9359,mixed/suburban,462.7994
9360,mixed/suburban-2,596.46265
9361,mixed/suburban-2,589.21234
9362,mixed/suburban-2,396.85422
9363,mixed/suburban-2,302.8184
9364,mixed/suburban-2,313.4224
9365,mixed/suburban-2,395.4877
9366,mixed/suburban-2,602.3657
9367,mixed/suburban-2,1174.2197
9368,mixed/suburban-2,1698.1178
9369,mixed/suburban-2,1216.1206
9370,mixed/suburban-2,997.60315
9371,mixed/suburban-2,569.1437
9372,mixed/suburban-2,408.85275
9373,business,286.65723
9374,business,246.76265
9375,business,424.33536
9376,business,515.45026
9377,business-2,585.06213
9378,business-2,330.42297
9379,business-2,307.52365
9380,business,476.56476
9381,business,485.7072
9382,mixed/suburban,366.13055
9383,mixed/suburban,223.98366
9384,mixed/suburban,222.90654
9385,mixed/suburban,410.949
9386,mixed/suburban,439.1461
9387,mixed/suburban,373.72733
9388,mixed/suburban,265.2919
9389,mixed/suburban,284.93314
9390,mixed/suburban,278.38507
9391,mixed/suburban,263.72302
9392,mixed/suburban-2,268.1855
9393,mixed/suburban-2,252.11313
9394,mixed/suburban-2,306.9642
9395,mixed/suburban-2,602.01245
9396,mixed/suburban-2,610.3035
9397,mixed/suburban-2,590.0662
9398,mixed/suburban-2,527.882
9399,mixed/suburban-2,387.04285
9400,mixed/suburban-2,360.26923
9419,mixed/suburban-2,278.95215
9420,mixed/suburban-2,311.26297
9421,mixed/suburban-2,227.9157
9424,mixed/suburban,199.40233
9428,mixed/suburban,196.80981
9437,mixed/suburban-2,192.28957
9438,mixed/suburban-2,197.54218
9440,mixed/suburban-2,187.57489
9444,mixed/suburban,208.10104
9445,mixed/suburban,204.7049
9447,mixed/suburban-2,195.75214
9448,mixed/suburban-2,196.68388
9449,mixed/suburban-2,196.61963
9450,mixed/suburban-2,412.24277
9451,mixed/suburban-2,497.0791
9452,mixed/suburban-2,496.43192
9453,mixed/suburban-2,354.872
9454,mixed/suburban-2,229.84837
9455,mixed/suburban,291.0739
9456,mixed/suburban,405.39264
9457,mixed/suburban,452.47934
9458,mixed/suburban,452.4895
9459,mixed/suburban-2,490.55164
9460,mixed/suburban-2,616.4975
9461,mixed/suburban-2,615.6457
9462,mixed/suburban-2,576.3324
9463,mixed/suburban-2,369.08926
9464,mixed/suburban-2,308.21945
9465,mixed/suburban-2,319.90866
9466,mixed/suburban-2,649.265
9467,mixed/suburban-2,1014.0084
9468,mixed/suburban-2,1043.3195
9469,mixed/suburban-2,818.25977
9470,mixed/suburban-2,507.48178
9471,mixed/suburban-2,384.16815
9472,mixed/suburban-2,394.17844
9473,business,369.96194
9474,business,504.0358
9475,business,516.6534
9476,business-2,597.42566
9477,business-2,654.95135
9478,business-2,402.2866
9480,business,189.19151
9481,mixed/suburban,431.77124
9482,mixed/suburban,471.66425
9483,mixed/suburban,796.84357
9484,mixed/suburban,880.3181
9485,mixed/suburban,579.1462
9486,mixed/suburban,441.29642
9487,mixed/suburban,361.07568
9488,mixed/suburban,298.71225
9489,mixed/suburban,249.00911
9490,mixed/suburban,258.50204
9491,mixed/suburban,267.34628
9492,mixed/suburban,271.2086
9493,mixed/suburban,267.51035
9494,mixed/suburban,261.8306
9495,mixed/suburban,404.22614
9496,mixed/suburban,520.8553
9497,mixed/suburban-2,575.50867
9498,mixed/suburban-2,432.40146
9499,mixed/suburban-2,246.32259
9500,mixed/suburban-2,238.30716
9543,mixed/suburban,218.21748
9544,mixed/suburban,212.0922
9545,mixed/suburban,212.14714
9546,mixed/suburban,204.95389
9548,mixed/suburban-2,196.44086
9549,mixed/suburban-2,196.70058
9550,mixed/suburban-2,413.41727
9551,mixed/suburban-2,501.08624
9552,mixed/suburban-2,498.44177
9553,mixed/suburban-2,444.34647
9554,mixed/suburban-2,239.06174
9555,mixed/suburban,257.8626
9556,mixed/suburban,391.36633
9557,mixed/suburban,452.46994
9558,mixed/suburban,452.4895
9559,mixed/suburban-2,505.7473
9560,mixed/suburban-2,616.4975
9561,mixed/suburban-2,616.4975
9562,mixed/suburban-2,616.4975
9563,mixed/suburban-2,298.69064
9565,mixed/suburban-2,187.01445
9566,mixed/suburban-2,196.69817
9567,mixed/suburban-2,517.7892
9568,mixed/suburban-2,728.73444
9569,mixed/suburban-2,790.8261
9570,mixed/suburban-2,403.0385
9571,mixed/suburban-2,313.91415
9572,business,293.1124
9573,business,393.66956
9574,business,389.15204
9575,business,330.9027
9576,business-2,444.5608
9577,business-2,593.83484
9578,business,192.4895
9581,mixed/suburban,396.7642
9582,mixed/suburban,510.57083
9583,mixed/suburban,794.4244
9584,mixed/suburban,658.6955
9585,mixed/suburban,525.5799
9586,mixed/suburban,269.79553
9587,mixed/suburban,258.0205
9588,mixed/suburban,283.9032
9589,mixed/suburban,256.5675
9590,mixed/suburban,311.59406
9591,mixed/suburban,303.85687
9592,mixed/suburban,265.84766
9593,mixed/suburban,267.5536
9594,mixed/suburban,295.27747
9595,mixed/suburban,446.58728
9596,mixed/suburban,446.58728
9597,mixed/suburban,424.06006
9598,mixed/suburban,370.49008
9599,mixed/suburban-2,293.77466
9600,mixed/suburban-2,246.49416
9640,mixed/suburban-2,222.57103
9641,mixed/suburban-2,239.12231
9642,mixed/suburban-2,252.63269
9643,mixed/suburban-2,221.94514
9644,mixed/suburban,218.63048
9645,mixed/suburban,221.57428
9646,mixed/suburban,218.75116
9647,mixed/suburban,248.10535
9648,mixed/suburban,223.27478
9649,mixed/suburban,218.66216
9650,mixed/suburban-2,442.42465
9651,mixed/suburban-2,497.0277
9652,mixed/suburban-2,496.91708
9653,mixed/suburban-2,480.23026
9654,mixed/suburban-2,270.88766
9655,mixed/suburban-2,326.15714
9656,mixed/suburban,421.5357
9657,mixed/suburban,440.96396
9658,mixed/suburban,443.85516
9659,mixed/suburban-2,455.0076
9660,mixed/suburban-2,576.909
9661,mixed/suburban-2,616.3669
9662,mixed/suburban-2,611.169
9663,mixed/suburban-2,211.7799
9667,mixed/suburban-2,267.02567
9668,mixed/suburban-2,495.98764
9669,mixed/suburban-2,517.1473
9670,mixed/suburban-2,442.73816
9671,mixed/suburban,383.6203
9672,business,290.14075
9673,business,292.19128
9674,business,253.31679
9675,business,302.06097
9676,business,345.83493
9677,mixed/suburban,490.53192
9678,mixed/suburban,401.86127
9681,mixed/suburban,332.77255
9682,mixed/suburban,436.7773
9683,mixed/suburban-2,302.3661
9684,mixed/suburban-2,299.19925
9685,mixed/suburban,307.9549
9686,mixed/suburban,251.33754
9687,mixed/suburban,257.09836
9688,mixed/suburban,296.63568
9689,mixed/suburban,385.43094
9690,mixed/suburban,471.6119
9691,mixed/suburban,356.31403
9694,business,309.79822
9695,mixed/suburban,446.58728
9696,mixed/suburban,446.50403
9697,mixed/suburban,390.12698
9698,mixed/suburban,370.44858
9699,mixed/suburban,359.2166
9700,mixed/suburban,277.09076
9720,mixed/suburban-2,192.06725
9740,mixed/suburban-2,237.36057
9741,mixed/suburban-2,235.57108
9742,mixed/suburban-2,239.11996
9743,mixed/suburban-2,238.3889
9744,mixed/suburban-2,247.83516
9745,mixed/suburban,268.17535
9746,mixed/suburban,355.75504
9747,mixed/suburban,365.02798
9748,mixed/suburban,375.5307
9749,mixed/suburban,403.67902
9750,mixed/suburban,525.51697
9751,mixed/suburban,515.2237
9752,mixed/suburban-2,456.61685
9753,mixed/suburban-2,374.83426
9754,mixed/suburban-2,371.7547
9755,mixed/suburban-2,388.0971
9756,mixed/suburban-2,410.39334
9757,mixed/suburban,399.44846
9758,mixed/suburban,413.83038
9759,mixed/suburban,413.83395
9760,mixed/suburban,414.76492
9761,mixed/suburban-2,456.24844
9762,mixed/suburban-2,438.37445
9763,mixed/suburban-2,216.76581
9766,mixed/suburban-2,192.4323
9767,mixed/suburban-2,256.44385
9768,mixed/suburban-2,496.99982
9769,mixed/suburban-2,499.97934
9770,mixed/suburban-2,551.04376
9771,mixed/suburban-2,537.1837
9772,business,333.03485
9773,business-2,302.37653
9774,business-2,296.6473
9775,business,390.8254
9776,business,448.46527
9777,mixed/suburban,535.01715
9778,mixed/suburban,541.432
9779,mixed/suburban,344.77396
9781,mixed/suburban,289.7656
9782,mixed/suburban,324.0396
9783,mixed/suburban,348.62274
9784,business,753.82886
9785,mixed/suburban-2,504.43732
9786,mixed/suburban-2,443.88196
9787,mixed/suburban,318.01376
9788,mixed/suburban,368.1364
9789,mixed/suburban,504.00763
9790,mixed/suburban,488.3488
9791,mixed/suburban,307.65826
9794,mixed/suburban,194.49924
9795,mixed/suburban,377.26755
9796,mixed/suburban,294.08334
9797,mixed/suburban-2,202.41904
9798,mixed/suburban-2,233.54599
9799,mixed/suburban,277.75098
9820,mixed/suburban-2,201.79642
9842,mixed/suburban-2,239.11996
9843,mixed/suburban-2,236.44846
9844,mixed/suburban-2,245.87863
9845,mixed/suburban,310.67703
9846,mixed/suburban,365.97086
9847,mixed/suburban,397.12518
9848,mixed/suburban,436.70316
9849,mixed/suburban,486.58255
9850,mixed/suburban,545.3099
9851,mixed/suburban,547.3302
9852,mixed/suburban,448.38904
9853,mixed/suburban-2,388.0971
9854,mixed/suburban-2,388.0971
9855,mixed/suburban-2,387.99094
9856,mixed/suburban-2,385.4882
9857,mixed/suburban,410.1701
9858,mixed/suburban,413.83395
9859,mixed/suburban,413.83395
9860,mixed/suburban,413.83395
9861,mixed/suburban,413.83395
9862,mixed/suburban-2,327.75534
9864,mixed/suburban-2,188.62439
9865,mixed/suburban-2,199.98634
9866,mixed/suburban-2,212.44736
9867,mixed/suburban-2,232.90498
9868,mixed/suburban-2,317.33752
9869,mixed/suburban-2,488.78906
9870,mixed/suburban-2,491.0032
9871,mixed/suburban-2,422.39163
9872,business,242.0447
9873,business,256.85617
9874,business,279.54044
9875,business,431.05594
9876,business,557.8453
9877,mixed/suburban,951.0961
9878,mixed/suburban,867.95105
9879,mixed/suburban,506.8045
9880,mixed/suburban,290.90512
9881,mixed/suburban,241.87328
9882,mixed/suburban,286.51376
9883,mixed/suburban,277.23337
9884,business,1036.2312
9885,business,995.0445
9886,mixed/suburban-2,575.126
9887,mixed/suburban-2,663.1913
9888,mixed/suburban,506.10745
9889,mixed/suburban,454.34418
9890,mixed/suburban,449.26575
9891,mixed/suburban,327.63474
9893,mixed/suburban,188.93288
9896,mixed/suburban-2,201.1327
9897,mixed/suburban-2,201.74236
9898,mixed/suburban-2,201.74236
9919,mixed/suburban-2,233.83665
9920,mixed/suburban-2,331.5359
9921,mixed/suburban-2,235.20729
9924,mixed/suburban-2,288.1652
9925,mixed/suburban-2,292.06555
9942,mixed/suburban-2,197.18013
9943,mixed/suburban-2,222.2024
9944,mixed/suburban-2,273.39398
9945,mixed/suburban,373.3487
9946,mixed/suburban,414.86264
9947,mixed/suburban,438.1921
9948,mixed/suburban,506.6277
9949,mixed/suburban,547.39557
9950,mixed/suburban,547.4261
9951,mixed/suburban,547.4422
9952,mixed/suburban,456.93948
9953,mixed/suburban-2,388.0971
9954,mixed/suburban-2,388.09714
9955,mixed/suburban-2,388.09714
9956,mixed/suburban-2,355.67926
9957,mixed/suburban,343.51978
9958,mixed/suburban,359.19153
9959,mixed/suburban,403.3839
9960,mixed/suburban,413.75278
9961,mixed/suburban,413.83395
9962,mixed/suburban,397.06772
9963,mixed/suburban-2,224.0461
9964,mixed/suburban-2,207.6557
9965,mixed/suburban-2,208.02898
9966,mixed/suburban-2,215.93028
9967,mixed/suburban-2,231.3259
9968,mixed/suburban-2,274.8417
9969,mixed/suburban-2,404.1022
9970,mixed/suburban-2,432.81665
9971,business,254.76843
9972,business,214.3016
9973,business,215.35068
9974,mixed/suburban,236.5436
9975,business,367.9365
9976,mixed/suburban,979.16895
9977,mixed/suburban,1054.1025
9978,mixed/suburban,1036.4098
9979,mixed/suburban,612.27515
9980,mixed/suburban,446.96008
9981,mixed/suburban,337.47702
9982,mixed/suburban,309.49707
9983,mixed/suburban,308.1053
9984,business,742.4185
9985,mixed/suburban,887.13074
9986,mixed/suburban-2,780.5341
9987,mixed/suburban-2,744.2736
9988,mixed/suburban,237.92323
9989,mixed/suburban,369.88348
9990,mixed/suburban,387.83206
9991,mixed/suburban-2,289.03717
9992,mixed/suburban-2,237.48785
9996,mixed/suburban-2,224.86021
9997,mixed/suburban-2,248.42412
9998,mixed/suburban-2,244.03358
